total_score,chip_score,left_side_score,bollinger_score,granville_score,reasons,stock_id,market,price,kd_k,kd_d,bias_60,boll_bandwidth,boll_position,granville_signal,left_side_applicable,left_side_pullback_pct,left_side_typical_pullback_pct,name,industry,avg_volume_lots,avg_turnover
73.0,44.0,20.0,6.0,3.0,"['千張大戶持股比例近2週變化 +1.64 個百分點', '股東人數近2週變化 -16.10%（下降代表散戶籌碼流出、籌碼集中）', '近14個交易日三大法人合計買超 3,366 張（約當期成交量 8.4%）', '近25個交易日融資餘額變化 -34.50%（下降代表籌碼較乾淨）', '近120個交易日內量增創高2940.00元（58日前），目前拉回26.9%，已拉回至季線附近或以下，歷史慣性拉回幅度中位數約13.4%', '布林型態中性，無明顯訊號（帶寬28.0%, 型態=wide, 位置=upper, 開喇叭=否）', '月線上揚但乖離率達9.2%，過度乖離 -> 葛蘭碧賣點③']",3665,TWSE,2150.0,70.71984474367594,68.21938080802535,0.6829268292682998,0.28007383322510926,upper,sell_overbought,True,26.87074829931973,13.443072702331962,貿聯-KY,其他電子業,2847.3,5679953084.0
72.0,50.0,0.0,10.1,12.0,"['千張大戶持股比例近2週變化 +2.98 個百分點', '股東人數近2週變化 -9.80%（下降代表散戶籌碼流出、籌碼集中）', '近14個交易日三大法人合計買超 34,650 張（約當期成交量 13.1%）', '近25個交易日融資餘額變化 -22.06%（下降代表籌碼較乾淨）', '近期未出現「量增創高後拉回」型態，此項不適用', '股價於布林上通道與月線之間震盪，符合多頭排列格局 -> 良好趨勢型態(範例3)（帶寬11.7%, 型態=normal, 位置=middle, 開喇叭=否）', '月線上揚，股價拉回獲得月線支撐 -> 葛蘭碧買點②']",2377,TWSE,146.5,85.47719754122097,87.10023874267843,11.739655501175884,0.11658091662904316,middle,buy_support,False,5.483870967741936,30.845771144278604,微星,電子工業,18865.4,2754795892.0
70.0,36.5,20.0,6.0,7.5,"['千張大戶持股比例近2週變化 +1.26 個百分點', '股東人數近2週變化 -4.25%（下降代表散戶籌碼流出、籌碼集中）', '近14個交易日三大法人合計賣超 14 張（約當期成交量 -0.0%）', '近25個交易日融資餘額變化 -17.23%（下降代表籌碼較乾淨）', '近120個交易日內量增創高444.00元（43日前），目前拉回26.5%，已拉回至季線附近或以下，歷史慣性拉回幅度中位數約23.1%', '布林型態中性，無明顯訊號（帶寬27.5%, 型態=wide, 位置=middle, 開喇叭=否）', '未明顯符合葛蘭碧買賣點規則']",2455,TWSE,326.5,32.602832220848995,27.083144598964758,-10.625484739267302,0.27470455799207005,middle,neutral,True,26.463963963963966,23.076923076923077,全新,通信網路業,6690.3,2184098957.0
65.0,33.5,18.0,6.0,7.5,"['千張大戶持股比例近2週變化 +0.06 個百分點', '股東人數近2週變化 -0.81%（下降代表散戶籌碼流出、籌碼集中）', '近14個交易日三大法人合計賣超 128 張（約當期成交量 -0.1%）', '近25個交易日融資餘額變化 -18.46%（下降代表籌碼較乾淨）', '近120個交易日內量增創高891.00元（18日前），目前拉回20.3%，已拉回至季線附近或以下，歷史慣性拉回幅度中位數約20.8%', '布林型態中性，無明顯訊號（帶寬32.3%, 型態=wide, 位置=middle, 開喇叭=否）', '未明顯符合葛蘭碧買賣點規則']",3189,TWSE,710.0,58.885267836700294,62.172092666711166,4.262271008480484,0.3226436029991191,middle,neutral,True,20.31425364758698,20.833333333333336,景碩,半導體業,13260.1,10623591617.0
64.5,31.0,20.0,6.0,7.5,"['千張大戶持股比例近2週變化 +0.43 個百分點', '股東人數近2週變化 -1.86%（下降代表散戶籌碼流出、籌碼集中）', '近14個交易日三大法人合計買超 55,743 張（約當期成交量 8.0%）', '近25個交易日融資餘額變化 +12.72%（下降代表籌碼較乾淨）', '近120個交易日內量增創高309.00元（36日前），目前拉回18.1%，已拉回至季線附近或以下，歷史慣性拉回幅度中位數約17.7%', '布林型態中性，無明顯訊號（帶寬11.8%, 型態=normal, 位置=upper, 開喇叭=否）', '未明顯符合葛蘭碧買賣點規則']",2317,TWSE,253.0,34.017145150228004,31.917347861537827,-0.7453903491565341,0.11761736061934182,upper,neutral,True,18.12297734627832,17.748091603053435,鴻海,其他電子業,49596.2,12065493245.0
64.0,24.5,20.0,12.0,7.5,"['千張大戶持股比例近2週變化 -0.92 個百分點', '股東人數近2週變化 +0.89%（下降代表散戶籌碼流出、籌碼集中）', '近14個交易日三大法人合計買超 1,259 張（約當期成交量 2.3%）', '近25個交易日融資餘額變化 -10.91%（下降代表籌碼較乾淨）', '近120個交易日內量增創高581.00元（24日前），目前拉回32.8%，已拉回至季線附近或以下，歷史慣性拉回幅度中位數約14.1%', '帶寬已大，三大法人買超，股價貼近下軌 -> 超跌轉機買點型態(範例4)（帶寬54.2%, 型態=wide, 位置=lower, 開喇叭=是）', '未明顯符合葛蘭碧買賣點規則']",8021,TWSE,390.5,17.30218473559123,25.629999521036417,-17.715851024600955,0.5420681375570127,lower,neutral,True,32.788296041308094,14.137186065352417,尖點,電子工業,3942.8,1825971094.0
63.5,50.0,0.0,6.0,7.5,"['千張大戶持股比例近2週變化 +2.19 個百分點', '股東人數近2週變化 -2.94%（下降代表散戶籌碼流出、籌碼集中）', '近14個交易日三大法人合計買超 11,298 張（約當期成交量 7.2%）', '近25個交易日融資餘額變化 -15.62%（下降代表籌碼較乾淨）', '近期未出現「量增創高後拉回」型態，此項不適用', '布林型態中性，無明顯訊號（帶寬22.6%, 型態=wide, 位置=middle, 開喇叭=否）', '未明顯符合葛蘭碧買賣點規則']",3006,TWSE,212.0,42.65158186384455,45.20039914139715,-4.815355258727127,0.22567347335393378,middle,neutral,False,20.747663551401867,32.17391304347826,晶豪科,半導體業,11235.3,2453899274.0
63.5,44.0,0.0,12.0,7.5,"['千張大戶持股比例近2週變化 +1.58 個百分點', '股東人數近2週變化 -2.05%（下降代表散戶籌碼流出、籌碼集中）', '近14個交易日三大法人合計買超 1,496 張（約當期成交量 3.3%）', '近25個交易日融資餘額變化 -28.81%（下降代表籌碼較乾淨）', '近期未出現「量增創高後拉回」型態，此項不適用', '帶寬已大，三大法人買超，股價貼近下軌 -> 超跌轉機買點型態(範例4)（帶寬28.6%, 型態=wide, 位置=lower, 開喇叭=否）', '未明顯符合葛蘭碧買賣點規則']",6531,TWSE,773.0,17.431914779259383,24.768191668200576,-20.447333664945706,0.28552912868489216,lower,neutral,False,35.042016806722685,22.761194029850746,愛普*,電子工業,3241.1,2936325414.0
63.5,42.5,12.0,6.0,3.0,"['千張大戶持股比例近2週變化 +3.44 個百分點', '股東人數近2週變化 -6.70%（下降代表散戶籌碼流出、籌碼集中）', '近14個交易日三大法人合計買超 142,290 張（約當期成交量 18.1%）', '近25個交易日融資餘額變化 +3.88%（下降代表籌碼較乾淨）', '近120個交易日內量增創高194.00元（36日前），目前拉回8.8%，尚未拉回到季線附近，歷史慣性拉回幅度中位數約11.4%', '布林型態中性，無明顯訊號（帶寬30.2%, 型態=wide, 位置=upper, 開喇叭=是）', '月線上揚但乖離率達14.3%，過度乖離 -> 葛蘭碧賣點③']",3231,TWSE,177.0,54.290072858935225,41.5723675187767,15.24062720416689,0.3023852777551717,upper,sell_overbought,True,8.762886597938143,11.35646687697161,緯創,電子工業,56145.7,9138349417.0
63.0,29.5,20.0,6.0,7.5,"['千張大戶持股比例近2週變化 +2.19 個百分點', '股東人數近2週變化 -0.32%（下降代表散戶籌碼流出、籌碼集中）', '近22個交易日三大法人合計賣超 2,526 張（約當期成交量 -5.2%）', '近25個交易日融資餘額變化 +0.64%（下降代表籌碼較乾淨）', '近120個交易日內量增創高1280.00元（36日前），目前拉回27.3%，已拉回至季線附近或以下，歷史慣性拉回幅度中位數約22.6%', '布林型態中性，無明顯訊號（帶寬22.8%, 型態=wide, 位置=middle, 開喇叭=否）', '未明顯符合葛蘭碧買賣點規則']",3324,TPEx,930.0,21.743848820660148,19.077258776117503,-9.087946821336638,0.227854686214114,middle,neutral,True,27.34375,22.58426966292135,雙鴻,其他電子類,2220.4,2087997076.0
62.5,35.0,20.0,6.0,1.5,"['千張大戶持股比例近2週變化 +0.76 個百分點', '股東人數近2週變化 -1.01%（下降代表散戶籌碼流出、籌碼集中）', '近22個交易日三大法人合計買超 737 張（約當期成交量 1.1%）', '近25個交易日融資餘額變化 -2.89%（下降代表籌碼較乾淨）', '近120個交易日內量增創高1295.00元（67日前），目前拉回42.6%，已拉回至季線附近或以下，歷史慣性拉回幅度中位數約14.5%', '布林型態中性，無明顯訊號（帶寬26.5%, 型態=wide, 位置=middle, 開喇叭=否）', '月線往下，股價反彈超過月線 -> 葛蘭碧賣點⑤']",3163,TPEx,743.0,18.047789560396506,14.665343528565227,-18.279806423229218,0.2654033788676033,middle,sell_rebound,True,42.625482625482626,14.549653579676674,波若威,通信網路業,2940.3,2151151807.0
62.5,29.0,20.0,6.0,7.5,"['千張大戶持股比例近2週變化 -0.64 個百分點', '股東人數近2週變化 -0.19%（下降代表散戶籌碼流出、籌碼集中）', '近22個交易日三大法人合計買超 200 張（約當期成交量 0.2%）', '近25個交易日融資餘額變化 -13.72%（下降代表籌碼較乾淨）', '近120個交易日內量增創高990.00元（66日前），目前拉回39.6%，已拉回至季線附近或以下，歷史慣性拉回幅度中位數約15.2%', '布林型態中性，無明顯訊號（帶寬24.9%, 型態=wide, 位置=middle, 開喇叭=否）', '未明顯符合葛蘭碧買賣點規則']",3363,TPEx,598.0,23.32043109056665,18.652739033904027,-16.75174013921114,0.24928641951799654,middle,neutral,True,39.5959595959596,15.183547557840615,上詮,通信網路業,3859.7,2233703089.0
61.5,32.0,16.0,6.0,7.5,"['千張大戶持股比例近2週變化 -0.64 個百分點', '股東人數近2週變化 -0.63%（下降代表散戶籌碼流出、籌碼集中）', '近14個交易日三大法人合計買超 15,626 張（約當期成交量 19.4%）', '近25個交易日融資餘額變化 -40.72%（下降代表籌碼較乾淨）', '近120個交易日內量增創高567.00元（24日前），目前拉回8.6%，已拉回至季線附近或以下，歷史慣性拉回幅度中位數約21.4%', '布林型態中性，無明顯訊號（帶寬25.3%, 型態=wide, 位置=middle, 開喇叭=是）', '未明顯符合葛蘭碧買賣點規則']",3034,TWSE,518.0,48.177517800755986,43.29997998980596,4.822934232715005,0.25300232556293456,middle,neutral,True,8.641975308641975,21.43429487179487,聯詠,半導體業,5747.6,2890896754.0
60.5,30.5,20.0,2.6,7.5,"['千張大戶持股比例近2週變化 +1.23 個百分點', '股東人數近2週變化 -0.73%（下降代表散戶籌碼流出、籌碼集中）', '近22個交易日三大法人合計賣超 2,930 張（約當期成交量 -2.7%）', '近25個交易日融資餘額變化 -4.94%（下降代表籌碼較乾淨）', '近120個交易日內量增創高870.00元（42日前），目前拉回50.2%，已拉回至季線附近或以下，歷史慣性拉回幅度中位數約14.6%', '布林剛開喇叭，但三大法人為賣超方向，屬於應避開的型態（準則h）（帶寬55.0%, 型態=wide, 位置=middle, 開喇叭=是）', '未明顯符合葛蘭碧買賣點規則']",4991,TPEx,433.5,15.16747063954002,11.560373461106856,-26.915619994942254,0.550065751877409,middle,neutral,True,50.172413793103445,14.630225080385852,環宇-KY,半導體業,4953.3,2199748467.0
58.5,36.5,0.0,10.1,12.0,"['千張大戶持股比例近2週變化 +1.03 個百分點', '股東人數近2週變化 -4.89%（下降代表散戶籌碼流出、籌碼集中）', '近14個交易日三大法人合計賣超 1,519 張（約當期成交量 -1.8%）', '近25個交易日融資餘額變化 -22.29%（下降代表籌碼較乾淨）', '近期未出現「量增創高後拉回」型態，此項不適用', '股價於布林上通道與月線之間震盪，符合多頭排列格局 -> 良好趨勢型態(範例3)（帶寬10.1%, 型態=normal, 位置=upper, 開喇叭=否）', '月線上揚，股價拉回獲得月線支撐 -> 葛蘭碧買點②']",2376,TWSE,349.5,59.301701675293316,56.283693880979556,4.152180391377771,0.1012323614281252,upper,buy_support,False,12.406015037593985,15.930599369085174,技嘉,電子工業,5977.0,2028492320.0
57.5,44.0,0.0,6.0,7.5,"['千張大戶持股比例近2週變化 +0.73 個百分點', '股東人數近2週變化 -2.47%（下降代表散戶籌碼流出、籌碼集中）', '近14個交易日三大法人合計買超 281,066 張（約當期成交量 38.4%）', '近25個交易日融資餘額變化 -39.84%（下降代表籌碼較乾淨）', '近期未出現「量增創高後拉回」型態，此項不適用', '布林型態中性，無明顯訊號（帶寬14.3%, 型態=normal, 位置=middle, 開喇叭=否）', '未明顯符合葛蘭碧買賣點規則']",2618,TWSE,41.95,66.09549419909513,66.2631377393396,8.000257449958168,0.14278401962699822,middle,neutral,False,6.570155902004444,17.976939203354302,長榮航,航運業,52280.2,2188058842.0
57.5,26.0,18.0,6.0,7.5,"['千張大戶持股比例近2週變化 +0.63 個百分點', '股東人數近2週變化 -0.76%（下降代表散戶籌碼流出、籌碼集中）', '近14個交易日三大法人合計賣超 730 張（約當期成交量 -0.6%）', '近25個交易日融資餘額變化 +2.29%（下降代表籌碼較乾淨）', '近120個交易日內量增創高307.00元（57日前），目前拉回25.9%，已拉回至季線附近或以下，歷史慣性拉回幅度中位數約30.0%', '布林型態中性，無明顯訊號（帶寬24.0%, 型態=wide, 位置=middle, 開喇叭=否）', '未明顯符合葛蘭碧買賣點規則']",2486,TWSE,227.5,17.270224864455464,23.42949451048267,-11.455630513751949,0.24049996995931402,middle,neutral,True,25.895765472312704,30.03472222222222,一詮,光電業,8973.2,2171380552.0
55.0,21.5,20.0,6.0,7.5,"['千張大戶持股比例近2週變化 -1.83 個百分點', '股東人數近2週變化 -1.20%（下降代表散戶籌碼流出、籌碼集中）', '近22個交易日三大法人合計買超 39 張（約當期成交量 0.0%）', '近25個交易日融資餘額變化 +0.01%（下降代表籌碼較乾淨）', '近120個交易日內量增創高718.00元（57日前），目前拉回37.5%，已拉回至季線附近或以下，歷史慣性拉回幅度中位數約20.1%', '布林型態中性，無明顯訊號（帶寬36.8%, 型態=wide, 位置=middle, 開喇叭=否）', '未明顯符合葛蘭碧買賣點規則']",4979,TPEx,448.5,20.252407422220973,13.760140722492368,-15.815488573618431,0.3680522748935099,middle,neutral,True,37.53481894150418,20.140515222482435,華星光,通信網路業,9017.7,3832185225.0
54.5,29.0,18.0,6.0,1.5,"['千張大戶持股比例近2週變化 +1.27 個百分點', '股東人數近2週變化 -2.38%（下降代表散戶籌碼流出、籌碼集中）', '近22個交易日三大法人合計賣超 347 張（約當期成交量 -0.7%）', '近25個交易日融資餘額變化 +0.13%（下降代表籌碼較乾淨）', '近120個交易日內量增創高1390.00元（65日前），目前拉回25.5%，已拉回至季線附近或以下，歷史慣性拉回幅度中位數約28.4%', '布林型態中性，無明顯訊號（帶寬17.2%, 型態=normal, 位置=middle, 開喇叭=否）', '月線往下，股價反彈超過月線 -> 葛蘭碧賣點⑤']",6187,TPEx,1035.0,18.265745315126736,17.53192370682886,-5.726256983240215,0.17177507015910057,middle,sell_rebound,True,25.539568345323744,28.360957642725598,萬潤,其他電子類,2344.4,2379196849.0
53.5,23.5,20.0,2.6,7.5,"['千張大戶持股比例近2週變化 +0.01 個百分點', '股東人數近2週變化 +2.50%（下降代表散戶籌碼流出、籌碼集中）', '近14個交易日三大法人合計賣超 765 張（約當期成交量 -2.8%）', '近25個交易日融資餘額變化 -7.51%（下降代表籌碼較乾淨）', '近120個交易日內量增創高5730.00元（53日前），目前拉回29.3%，已拉回至季線附近或以下，歷史慣性拉回幅度中位數約22.6%', '布林剛開喇叭，但三大法人為賣超方向，屬於應避開的型態（準則h）（帶寬37.9%, 型態=wide, 位置=middle, 開喇叭=是）', '未明顯符合葛蘭碧買賣點規則']",3443,TWSE,4050.0,24.759502712851837,26.352818933770507,-13.07769351838603,0.37936133273317846,middle,neutral,True,29.31937172774869,22.629969418960243,創意,電子工業,1942.2,8593791822.0
53.5,26.0,20.0,6.0,1.5,"['千張大戶持股比例近2週變化 -0.46 個百分點', '股東人數近2週變化 -0.29%（下降代表散戶籌碼流出、籌碼集中）', '近14個交易日三大法人合計買超 5,154 張（約當期成交量 0.9%）', '近25個交易日融資餘額變化 -4.62%（下降代表籌碼較乾淨）', '近120個交易日內量增創高85.40元（36日前），目前拉回25.3%，已拉回至季線附近或以下，歷史慣性拉回幅度中位數約24.6%', '布林型態中性，無明顯訊號（帶寬20.6%, 型態=wide, 位置=middle, 開喇叭=是）', '月線準備往下，股價跌破月線 -> 葛蘭碧賣點④']",2356,TWSE,63.8,40.390853345293586,38.94642884714172,2.0079144071522705,0.20641103888265547,middle,sell_breakdown,True,25.292740046838414,24.576271186440678,英業達,電子工業,39745.7,2568843450.0
53.0,39.5,0.0,6.0,7.5,"['千張大戶持股比例近2週變化 +2.52 個百分點', '股東人數近2週變化 -2.60%（下降代表散戶籌碼流出、籌碼集中）', '近14個交易日三大法人合計賣超 5,903 張（約當期成交量 -1.2%）', '近25個交易日融資餘額變化 -9.24%（下降代表籌碼較乾淨）', '近期未出現「量增創高後拉回」型態，此項不適用', '布林型態中性，無明顯訊號（帶寬24.1%, 型態=wide, 位置=lower, 開喇叭=否）', '未明顯符合葛蘭碧買賣點規則']",2313,TWSE,199.5,12.283162503422865,15.583091248245005,-19.072408897302417,0.24149602960476851,lower,neutral,False,33.165829145728644,22.369878183831677,華通,電子工業,35898.1,8012424394.0
53.0,44.0,0.0,6.0,3.0,"['千張大戶持股比例近2週變化 +0.96 個百分點', '股東人數近2週變化 -11.39%（下降代表散戶籌碼流出、籌碼集中）', '近14個交易日三大法人合計買超 2,420 張（約當期成交量 9.4%）', '近25個交易日融資餘額變化 -24.21%（下降代表籌碼較乾淨）', '近期未出現「量增創高後拉回」型態，此項不適用', '布林型態中性，無明顯訊號（帶寬26.3%, 型態=wide, 位置=upper, 開喇叭=否）', '月線上揚但乖離率達13.0%，過度乖離 -> 葛蘭碧賣點③']",6669,TWSE,5745.0,78.12262446252115,66.19170217579563,12.44128392484343,0.2628636766187683,upper,sell_overbought,False,0.7772020725388601,16.578389830508478,緯穎,電子工業,1846.3,9499272261.0
52.5,29.0,10.0,6.0,7.5,"['千張大戶持股比例近2週變化 +1.66 個百分點', '股東人數近2週變化 +0.96%（下降代表散戶籌碼流出、籌碼集中）', '近22個交易日三大法人合計買超 39,192 張（約當期成交量 4.5%）', '近25個交易日融資餘額變化 +4.32%（下降代表籌碼較乾淨）', '近120個交易日內量增創高278.00元（8日前），目前拉回26.6%，尚未拉回到季線附近，歷史慣性拉回幅度中位數約48.1%', '布林型態中性，無明顯訊號（帶寬49.1%, 型態=wide, 位置=middle, 開喇叭=否）', '未明顯符合葛蘭碧買賣點規則']",5483,TPEx,204.0,56.77616305313195,65.69807101183046,15.439026690559274,0.4910154695315094,middle,neutral,True,26.618705035971225,48.06866952789699,中美晶,半導體業,39165.8,8752652333.0
51.5,38.0,0.0,6.0,7.5,"['千張大戶持股比例近2週變化 +0.89 個百分點', '股東人數近2週變化 -9.74%（下降代表散戶籌碼流出、籌碼集中）', '近14個交易日三大法人合計買超 433 張（約當期成交量 2.7%）', '近25個交易日融資餘額變化 -1.14%（下降代表籌碼較乾淨）', '近期未出現「量增創高後拉回」型態，此項不適用', '布林型態中性，無明顯訊號（帶寬18.7%, 型態=normal, 位置=middle, 開喇叭=否）', '未明顯符合葛蘭碧買賣點規則']",3653,TWSE,3525.0,25.81856644112821,23.30669741543814,-3.3187054306088863,0.18744647459932087,middle,neutral,False,35.26170798898072,12.238805970149254,健策,電子工業,1151.0,3893037358.0
50.0,25.0,0.0,10.1,15.0,"['千張大戶持股比例近2週變化 -0.09 個百分點', '股東人數近2週變化 +9.08%（下降代表散戶籌碼流出、籌碼集中）', '近14個交易日三大法人合計買超 286 張（約當期成交量 3.4%）', '近25個交易日融資餘額變化 -14.12%（下降代表籌碼較乾淨）', '近期未出現「量增創高後拉回」型態，此項不適用', '股價於布林上通道與月線之間震盪，符合多頭排列格局 -> 良好趨勢型態(範例3)（帶寬18.1%, 型態=normal, 位置=middle, 開喇叭=否）', '月線上揚，股價向上突破月線 -> 葛蘭碧買點①']",2059,TWSE,8275.0,84.16009749713912,84.87155415004949,29.323817461971235,0.18088915119015603,middle,buy_breakout,False,4.3905257076834205,12.0,川湖,電子工業,594.6,4774585094.0
50.0,28.0,0.0,10.1,12.0,"['千張大戶持股比例近2週變化 +0.97 個百分點', '股東人數近2週變化 -1.69%（下降代表散戶籌碼流出、籌碼集中）', '近14個交易日三大法人合計買超 20,386 張（約當期成交量 1.8%）', '近25個交易日融資餘額變化 +35.51%（下降代表籌碼較乾淨）', '近期未出現「量增創高後拉回」型態，此項不適用', '股價於布林上通道與月線之間震盪，符合多頭排列格局 -> 良好趨勢型態(範例3)（帶寬26.4%, 型態=wide, 位置=middle, 開喇叭=否）', '月線上揚，股價拉回獲得月線支撐 -> 葛蘭碧買點②']",1301,TWSE,61.7,75.76675097941072,78.54653251752733,17.845546571592283,0.26360863440586946,middle,buy_support,False,6.797583081570997,33.55263157894737,台塑,塑膠工業,80034.4,4962114633.0
50.0,20.0,20.0,2.6,7.5,"['千張大戶持股比例近2週變化 -0.54 個百分點', '股東人數近2週變化 +1.59%（下降代表散戶籌碼流出、籌碼集中）', '近22個交易日三大法人合計賣超 544 張（約當期成交量 -0.3%）', '近25個交易日融資餘額變化 -11.06%（下降代表籌碼較乾淨）', '近120個交易日內量增創高257.00元（14日前），目前拉回19.8%，已拉回至季線附近或以下，歷史慣性拉回幅度中位數約9.5%', '布林剛開喇叭，但三大法人為賣超方向，屬於應避開的型態（準則h）（帶寬27.2%, 型態=wide, 位置=lower, 開喇叭=是）', '未明顯符合葛蘭碧買賣點規則']",3264,TPEx,206.0,25.184520995248967,31.27045247036007,-8.396946564885493,0.2722957923363931,lower,neutral,True,19.844357976653697,9.465324955366457,欣銓,半導體業,7934.4,1815522685.0
49.0,19.0,20.0,2.6,7.5,"['千張大戶持股比例近2週變化 +1.41 個百分點', '股東人數近2週變化 +0.43%（下降代表散戶籌碼流出、籌碼集中）', '近22個交易日三大法人合計賣超 14,242 張（約當期成交量 -7.1%）', '近25個交易日融資餘額變化 +1.06%（下降代表籌碼較乾淨）', '近120個交易日內量增創高700.00元（25日前），目前拉回47.0%，已拉回至季線附近或以下，歷史慣性拉回幅度中位數約19.4%', '布林剛開喇叭，但三大法人為賣超方向，屬於應避開的型態（準則h）（帶寬68.0%, 型態=wide, 位置=lower, 開喇叭=是）', '未明顯符合葛蘭碧買賣點規則']",8358,TPEx,371.0,11.330518404332192,17.547612297699573,-28.852238949084292,0.6800555492405332,lower,neutral,True,47.0,19.414893617021278,金居,電子零組件業,9103.7,4416103699.0
49.0,40.0,0.0,6.0,3.0,"['千張大戶持股比例近2週變化 +11.20 個百分點', '股東人數近2週變化 -15.91%（下降代表散戶籌碼流出、籌碼集中）', '近14個交易日三大法人合計買超 15,402 張（約當期成交量 4.4%）', '近25個交易日融資餘額變化 +65.02%（下降代表籌碼較乾淨）', '近期未出現「量增創高後拉回」型態，此項不適用', '布林型態中性，無明顯訊號（帶寬82.2%, 型態=wide, 位置=middle, 開喇叭=是）', '月線上揚但乖離率達20.2%，過度乖離 -> 葛蘭碧賣點③']",8039,TWSE,216.0,84.89006296760363,89.24589272820333,39.324876370672975,0.8221346773649705,middle,sell_overbought,False,15.625,21.451211229341183,台虹,電子零組件業,25006.0,4989063294.0
48.5,41.0,0.0,6.0,1.5,"['千張大戶持股比例近2週變化 +1.84 個百分點', '股東人數近2週變化 -2.89%（下降代表散戶籌碼流出、籌碼集中）', '近14個交易日三大法人合計買超 10,880 張（約當期成交量 4.4%）', '近25個交易日融資餘額變化 -8.46%（下降代表籌碼較乾淨）', '近期未出現「量增創高後拉回」型態，此項不適用', '布林型態中性，無明顯訊號（帶寬14.8%, 型態=normal, 位置=middle, 開喇叭=否）', '月線準備往下，股價跌破月線 -> 葛蘭碧賣點④']",8112,TWSE,84.3,28.347403365892028,28.550863494244176,-5.060439972970935,0.14784602935381166,middle,sell_breakdown,False,16.11940298507463,21.179302045728033,至上,電子通路業,17683.5,1557705306.0
48.5,41.0,0.0,6.0,1.5,"['千張大戶持股比例近2週變化 +0.24 個百分點', '股東人數近2週變化 -2.85%（下降代表散戶籌碼流出、籌碼集中）', '近14個交易日三大法人合計買超 6,302 張（約當期成交量 2.3%）', '近25個交易日融資餘額變化 -14.37%（下降代表籌碼較乾淨）', '近期未出現「量增創高後拉回」型態，此項不適用', '布林型態中性，無明顯訊號（帶寬14.7%, 型態=normal, 位置=middle, 開喇叭=否）', '月線準備往下，股價跌破月線 -> 葛蘭碧賣點④']",2301,TWSE,212.0,49.87076492278627,49.526271063342136,-1.1770189954550778,0.14704652139054147,middle,sell_breakdown,False,15.2,10.4,光寶科,電腦及週邊設備業,19209.5,4119149484.0
48.5,29.0,0.0,12.0,7.5,"['千張大戶持股比例近2週變化 -0.27 個百分點', '股東人數近2週變化 -0.13%（下降代表散戶籌碼流出、籌碼集中）', '近14個交易日三大法人合計買超 14,601 張（約當期成交量 0.3%）', '近25個交易日融資餘額變化 -18.81%（下降代表籌碼較乾淨）', '近期未出現「量增創高後拉回」型態，此項不適用', '帶寬已大，三大法人買超，股價貼近下軌 -> 超跌轉機買點型態(範例4)（帶寬35.9%, 型態=wide, 位置=lower, 開喇叭=否）', '未明顯符合葛蘭碧買賣點規則']",2409,TWSE,23.9,48.714250698659136,53.40632936258952,-3.651694829845132,0.3592967484127771,lower,neutral,False,26.911314984709488,25.189873417721515,友達,光電業,357756.5,10595092323.0
48.0,20.0,18.0,2.6,7.5,"['千張大戶持股比例近2週變化 -1.07 個百分點', '股東人數近2週變化 +0.16%（下降代表散戶籌碼流出、籌碼集中）', '近14個交易日三大法人合計賣超 4,503 張（約當期成交量 -1.5%）', '近25個交易日融資餘額變化 -28.43%（下降代表籌碼較乾淨）', '近120個交易日內量增創高379.00元（39日前），目前拉回26.4%，已拉回至季線附近或以下，歷史慣性拉回幅度中位數約31.6%', '布林剛開喇叭，但三大法人為賣超方向，屬於應避開的型態（準則h）（帶寬30.5%, 型態=wide, 位置=lower, 開喇叭=是）', '未明顯符合葛蘭碧買賣點規則']",6239,TWSE,279.0,44.733276963266405,47.49375564828828,-7.49592462630896,0.3054981535504007,lower,neutral,True,26.385224274406333,31.592039800995025,力成,半導體業,22149.2,6902586565.0
47.5,34.0,0.0,6.0,7.5,"['千張大戶持股比例近2週變化 +0.22 個百分點', '股東人數近2週變化 -3.00%（下降代表散戶籌碼流出、籌碼集中）', '近14個交易日三大法人合計買超 20,938 張（約當期成交量 29.9%）', '近25個交易日融資餘額變化 +15.14%（下降代表籌碼較乾淨）', '近期未出現「量增創高後拉回」型態，此項不適用', '布林型態中性，無明顯訊號（帶寬19.9%, 型態=normal, 位置=upper, 開喇叭=否）', '未明顯符合葛蘭碧買賣點規則']",2357,TWSE,760.0,45.12763228281636,41.18045787560818,4.883041608206637,0.1986473548298799,upper,neutral,False,18.367346938775512,14.245416078984485,華碩,電子工業,5005.1,3508118645.0
47.0,33.5,0.0,6.0,7.5,"['千張大戶持股比例近2週變化 +0.39 個百分點', '股東人數近2週變化 -0.78%（下降代表散戶籌碼流出、籌碼集中）', '近14個交易日三大法人合計賣超 3,336 張（約當期成交量 -1.4%）', '近25個交易日融資餘額變化 -20.14%（下降代表籌碼較乾淨）', '近期未出現「量增創高後拉回」型態，此項不適用', '布林型態中性，無明顯訊號（帶寬32.7%, 型態=wide, 位置=middle, 開喇叭=否）', '未明顯符合葛蘭碧買賣點規則']",8046,TWSE,1075.0,60.13846076439524,67.5117562881307,8.724967972490052,0.3268527841384364,middle,neutral,False,24.02826855123675,27.23785166240409,南電,電子工業,17595.7,20907315538.0
47.0,33.5,0.0,6.0,7.5,"['千張大戶持股比例近2週變化 +0.22 個百分點', '股東人數近2週變化 -0.71%（下降代表散戶籌碼流出、籌碼集中）', '近14個交易日三大法人合計買超 87,224 張（約當期成交量 17.0%）', '近25個交易日融資餘額變化 +9.60%（下降代表籌碼較乾淨）', '近期未出現「量增創高後拉回」型態，此項不適用', '布林型態中性，無明顯訊號（帶寬9.2%, 型態=normal, 位置=upper, 開喇叭=否）', '未明顯符合葛蘭碧買賣點規則']",2886,TWSE,49.4,94.5414135066558,93.91940175554592,13.787742096473881,0.0915633693945338,upper,neutral,False,0.0,8.31408775981523,兆豐金,金融保險,36633.6,1719712940.0
47.0,33.5,0.0,6.0,7.5,"['千張大戶持股比例近2週變化 +0.65 個百分點', '股東人數近2週變化 -1.49%（下降代表散戶籌碼流出、籌碼集中）', '近14個交易日三大法人合計賣超 412 張（約當期成交量 -1.3%）', '近25個交易日融資餘額變化 -28.83%（下降代表籌碼較乾淨）', '近期未出現「量增創高後拉回」型態，此項不適用', '布林型態中性，無明顯訊號（帶寬38.1%, 型態=wide, 位置=middle, 開喇叭=否）', '未明顯符合葛蘭碧買賣點規則']",6442,TWSE,1330.0,13.877952767650871,12.28236975199441,-24.982373678025855,0.38066618017611237,middle,neutral,False,43.88185654008439,18.60036832412523,光聖,通信網路業,2214.1,3183506474.0
46.0,12.5,20.0,6.0,7.5,"['千張大戶持股比例近2週變化 -3.47 個百分點', '股東人數近2週變化 +12.67%（下降代表散戶籌碼流出、籌碼集中）', '近14個交易日三大法人合計賣超 27,496 張（約當期成交量 -2.7%）', '近25個交易日融資餘額變化 -25.42%（下降代表籌碼較乾淨）', '近120個交易日內量增創高122.50元（7日前），目前拉回26.6%，已拉回至季線附近或以下，歷史慣性拉回幅度中位數約25.5%', '布林型態中性，無明顯訊號（帶寬34.2%, 型態=wide, 位置=lower, 開喇叭=否）', '未明顯符合葛蘭碧買賣點規則']",8150,TWSE,89.9,50.75392263290736,61.23371446486047,-6.826504525668478,0.3421893021439292,lower,neutral,True,26.61224489795918,25.54410080183276,南茂,電子工業,72896.7,7853546850.0
45.5,23.5,0.0,10.1,12.0,"['千張大戶持股比例近2週變化 +0.16 個百分點', '股東人數近2週變化 -0.37%（下降代表散戶籌碼流出、籌碼集中）', '近14個交易日三大法人合計賣超 25,674 張（約當期成交量 -2.3%）', '近25個交易日融資餘額變化 +206.49%（下降代表籌碼較乾淨）', '近期未出現「量增創高後拉回」型態，此項不適用', '股價於布林上通道與月線之間震盪，符合多頭排列格局 -> 良好趨勢型態(範例3)（帶寬31.3%, 型態=wide, 位置=middle, 開喇叭=否）', '月線上揚，股價拉回獲得月線支撐 -> 葛蘭碧買點②']",1326,TWSE,65.0,73.4306795918291,77.93980823579996,18.595104150828654,0.3129324514088442,middle,buy_support,False,9.344490934449096,37.64648437500001,台化,塑膠工業,78585.8,5246674386.0
45.5,32.0,0.0,6.0,7.5,"['千張大戶持股比例近2週變化 -0.00 個百分點', '股東人數近2週變化 -0.71%（下降代表散戶籌碼流出、籌碼集中）', '近14個交易日三大法人合計買超 33,851 張（約當期成交量 7.7%）', '近25個交易日融資餘額變化 -12.80%（下降代表籌碼較乾淨）', '近期未出現「量增創高後拉回」型態，此項不適用', '布林型態中性，無明顯訊號（帶寬9.5%, 型態=normal, 位置=upper, 開喇叭=否）', '未明顯符合葛蘭碧買賣點規則']",2881,TWSE,130.0,74.84779992406955,72.79465105731856,12.36116913237011,0.09526476472241223,upper,neutral,False,6.137184115523466,7.467532467532473,富邦金,金融保險,31500.6,3932749903.0
45.5,22.0,10.0,6.0,7.5,"['千張大戶持股比例近2週變化 -1.32 個百分點', '股東人數近2週變化 +25.28%（下降代表散戶籌碼流出、籌碼集中）', '近14個交易日三大法人合計買超 3,617 張（約當期成交量 3.0%）', '近25個交易日融資餘額變化 -13.10%（下降代表籌碼較乾淨）', '近120個交易日內量增創高523.00元（8日前），目前拉回27.4%，尚未拉回到季線附近，歷史慣性拉回幅度中位數約44.6%', '布林型態中性，無明顯訊號（帶寬45.5%, 型態=wide, 位置=middle, 開喇叭=否）', '未明顯符合葛蘭碧買賣點規則']",3532,TWSE,379.5,61.82515900803642,69.57896817509182,13.35407591785936,0.4548746667888845,middle,neutral,True,27.437858508604208,44.5945945945946,台勝科,半導體業,8757.5,3880532253.0
44.5,19.0,12.0,6.0,7.5,"['千張大戶持股比例近2週變化 -0.46 個百分點', '股東人數近2週變化 +20.46%（下降代表散戶籌碼流出、籌碼集中）', '近22個交易日三大法人合計買超 4,922 張（約當期成交量 2.4%）', '近25個交易日融資餘額變化 -3.44%（下降代表籌碼較乾淨）', '近120個交易日內量增創高1515.00元（9日前），目前拉回29.7%，尚未拉回到季線附近，歷史慣性拉回幅度中位數約30.4%', '布林型態中性，無明顯訊號（帶寬52.8%, 型態=wide, 位置=middle, 開喇叭=否）', '未明顯符合葛蘭碧買賣點規則']",6488,TPEx,1065.0,55.46157872291431,63.85398885464196,9.438421620510715,0.5284264260770575,middle,neutral,True,29.7029702970297,30.354131534569984,環球晶,半導體業,9289.9,11836708571.0
44.0,24.5,0.0,12.0,7.5,"['千張大戶持股比例近2週變化 -0.25 個百分點', '股東人數近2週變化 +0.50%（下降代表散戶籌碼流出、籌碼集中）', '近22個交易日三大法人合計買超 11,938 張（約當期成交量 1.7%）', '近25個交易日融資餘額變化 -25.19%（下降代表籌碼較乾淨）', '近期未出現「量增創高後拉回」型態，此項不適用', '帶寬已大，三大法人買超，股價貼近下軌 -> 超跌轉機買點型態(範例4)（帶寬42.5%, 型態=wide, 位置=lower, 開喇叭=否）', '未明顯符合葛蘭碧買賣點規則']",6147,TPEx,155.0,17.7710744944861,25.142910908604428,-28.931682714351215,0.42480023882989226,lower,neutral,False,49.263502454991816,14.046579330422128,頎邦,半導體業,32122.8,6214815089.0
43.5,10.0,20.0,6.0,7.5,"['千張大戶持股比例近2週變化 -2.67 個百分點', '股東人數近2週變化 +7.71%（下降代表散戶籌碼流出、籌碼集中）', '近14個交易日三大法人合計賣超 45,824 張（約當期成交量 -11.8%）', '近25個交易日融資餘額變化 -15.83%（下降代表籌碼較乾淨）', '近120個交易日內量增創高354.00元（57日前），目前拉回22.0%，已拉回至季線附近或以下，歷史慣性拉回幅度中位數約16.1%', '布林型態中性，無明顯訊號（帶寬32.4%, 型態=wide, 位置=lower, 開喇叭=否）', '未明顯符合葛蘭碧買賣點規則']",2449,TWSE,276.0,19.970804481206873,25.15475572885766,-10.180615067527263,0.3240003258001522,lower,neutral,True,22.033898305084744,16.129032258064516,京元電子,半導體業,27647.0,8620285737.0
43.5,12.0,18.0,6.0,7.5,"['千張大戶持股比例近2週變化 -1.23 個百分點', '股東人數近2週變化 +10.53%（下降代表散戶籌碼流出、籌碼集中）', '近22個交易日三大法人合計賣超 26,636 張（約當期成交量 -4.3%）', '近25個交易日融資餘額變化 -2.42%（下降代表籌碼較乾淨）', '近120個交易日內量增創高220.00元（21日前），目前拉回28.6%，已拉回至季線附近或以下，歷史慣性拉回幅度中位數約30.8%', '布林型態中性，無明顯訊號（帶寬40.3%, 型態=wide, 位置=lower, 開喇叭=否）', '未明顯符合葛蘭碧買賣點規則']",5347,TPEx,157.0,25.75521493607142,33.55817310466928,-9.28788097645529,0.4029808891340929,lower,neutral,True,28.636363636363637,30.774647887323948,世界,半導體業,27943.3,5068655424.0
43.0,9.5,14.0,12.0,7.5,"['千張大戶持股比例近2週變化 -3.03 個百分點', '股東人數近2週變化 +11.89%（下降代表散戶籌碼流出、籌碼集中）', '近22個交易日三大法人合計買超 4,642 張（約當期成交量 0.2%）', '近25個交易日融資餘額變化 +5.54%（下降代表籌碼較乾淨）', '近120個交易日內量增創高189.50元（10日前），目前拉回38.8%，尚未拉回到季線附近，歷史慣性拉回幅度中位數約28.9%', '帶寬已大，三大法人買超，股價貼近下軌 -> 超跌轉機買點型態(範例4)（帶寬65.9%, 型態=wide, 位置=lower, 開喇叭=否）', '未明顯符合葛蘭碧買賣點規則']",6182,TPEx,116.0,55.20281903352436,62.99669497912261,12.891714786219413,0.6590394669802428,lower,neutral,True,38.78627968337731,28.912783751493432,合晶,半導體業,104876.6,16108613318.0
43.0,34.0,0.0,6.0,3.0,"['千張大戶持股比例近2週變化 +1.08 個百分點', '股東人數近2週變化 -12.03%（下降代表散戶籌碼流出、籌碼集中）', '近14個交易日三大法人合計買超 100,734 張（約當期成交量 13.4%）', '近25個交易日融資餘額變化 +33.08%（下降代表籌碼較乾淨）', '近期未出現「量增創高後拉回」型態，此項不適用', '布林型態中性，無明顯訊號（帶寬74.2%, 型態=wide, 位置=middle, 開喇叭=是）', '月線上揚但乖離率達12.5%，過度乖離 -> 葛蘭碧賣點③']",6505,TWSE,77.9,77.56309564325677,85.6224384860442,33.542857142857144,0.7423254787187048,middle,sell_overbought,False,16.416309012875534,31.22171945701357,台塑化,油電燃氣業,53859.8,4207001396.0
43.0,29.5,0.0,6.0,7.5,"['千張大戶持股比例近2週變化 +2.04 個百分點', '股東人數近2週變化 -1.54%（下降代表散戶籌碼流出、籌碼集中）', '近22個交易日三大法人合計賣超 2,196 張（約當期成交量 -0.5%）', '近25個交易日融資餘額變化 +127.06%（下降代表籌碼較乾淨）', '近期未出現「量增創高後拉回」型態，此項不適用', '布林型態中性，無明顯訊號（帶寬46.9%, 型態=wide, 位置=middle, 開喇叭=否）', '未明顯符合葛蘭碧買賣點規則']",3374,TPEx,345.0,79.33373156210136,84.27034266899248,23.00196090082595,0.4692224027583153,middle,neutral,False,17.464114832535884,38.70967741935484,精材,半導體業,18975.9,6745898790.0
42.5,35.0,0.0,6.0,1.5,"['千張大戶持股比例近2週變化 +0.08 個百分點', '股東人數近2週變化 -0.80%（下降代表散戶籌碼流出、籌碼集中）', '近22個交易日三大法人合計買超 298 張（約當期成交量 0.2%）', '近25個交易日融資餘額變化 -9.05%（下降代表籌碼較乾淨）', '近期未出現「量增創高後拉回」型態，此項不適用', '布林型態中性，無明顯訊號（帶寬18.1%, 型態=normal, 位置=middle, 開喇叭=是）', '月線往下，股價反彈超過月線 -> 葛蘭碧賣點⑤']",3260,TPEx,402.0,31.84012757373931,27.536465026114897,-3.1072368288910726,0.18143377766854277,middle,sell_rebound,False,23.42857142857143,19.820627802690577,威剛,半導體業,7894.6,3118119446.0
42.5,12.5,20.0,2.6,7.5,"['千張大戶持股比例近2週變化 -2.15 個百分點', '股東人數近2週變化 +2.75%（下降代表散戶籌碼流出、籌碼集中）', '近14個交易日三大法人合計賣超 71,216 張（約當期成交量 -1.3%）', '近25個交易日融資餘額變化 -18.66%（下降代表籌碼較乾淨）', '近120個交易日內量增創高70.90元（21日前），目前拉回33.2%，已拉回至季線附近或以下，歷史慣性拉回幅度中位數約15.9%', '布林剛開喇叭，但三大法人為賣超方向，屬於應避開的型態（準則h）（帶寬50.4%, 型態=wide, 位置=lower, 開喇叭=是）', '未明顯符合葛蘭碧買賣點規則']",3481,TWSE,47.35,54.47813699907671,59.345245593222,-6.968367280110027,0.5044708427497255,lower,neutral,True,33.21579689703809,15.91591591591591,群創,光電業,400924.7,24480469098.0
42.5,29.0,0.0,6.0,7.5,"['千張大戶持股比例近2週變化 +0.24 個百分點', '股東人數近2週變化 +0.48%（下降代表散戶籌碼流出、籌碼集中）', '近22個交易日三大法人合計賣超 953 張（約當期成交量 -0.1%）', '近25個交易日融資餘額變化 -25.56%（下降代表籌碼較乾淨）', '近期未出現「量增創高後拉回」型態，此項不適用', '布林型態中性，無明顯訊號（帶寬44.7%, 型態=wide, 位置=middle, 開喇叭=否）', '未明顯符合葛蘭碧買賣點規則']",5328,TPEx,67.2,62.66861481920103,62.31832462749932,37.38351193417041,0.4465551880636269,middle,neutral,False,18.446601941747577,18.83289124668435,華容,電子零組件業,31566.3,2266409129.0
40.5,30.5,0.0,2.6,7.5,"['千張大戶持股比例近2週變化 +0.12 個百分點', '股東人數近2週變化 -1.84%（下降代表散戶籌碼流出、籌碼集中）', '近14個交易日三大法人合計賣超 1,447 張（約當期成交量 -2.5%）', '近25個交易日融資餘額變化 -3.23%（下降代表籌碼較乾淨）', '近期未出現「量增創高後拉回」型態，此項不適用', '布林剛開喇叭，但三大法人為賣超方向，屬於應避開的型態（準則h）（帶寬32.9%, 型態=wide, 位置=middle, 開喇叭=是）', '未明顯符合葛蘭碧買賣點規則']",3017,TWSE,2400.0,34.91530025577422,29.37790262531857,-3.3394864910219777,0.3286666543128668,middle,neutral,False,18.505942275042443,16.6383701188455,奇鋐,電子工業,4208.3,10087706534.0
40.0,26.5,0.0,6.0,7.5,"['千張大戶持股比例近2週變化 +0.13 個百分點', '股東人數近2週變化 -2.25%（下降代表散戶籌碼流出、籌碼集中）', '近14個交易日三大法人合計賣超 120 張（約當期成交量 -1.3%）', '近25個交易日融資餘額變化 +35.29%（下降代表籌碼較乾淨）', '近期未出現「量增創高後拉回」型態，此項不適用', '布林型態中性，無明顯訊號（帶寬19.9%, 型態=normal, 位置=middle, 開喇叭=否）', '未明顯符合葛蘭碧買賣點規則']",7769,TWSE,6110.0,38.09800377965828,42.872579514335975,-10.064397424103037,0.1990024981172311,middle,neutral,False,26.02905569007264,17.675544794188863,鴻勁,半導體業,650.9,4219064174.0
40.0,10.0,20.0,2.6,7.5,"['千張大戶持股比例近2週變化 -2.42 個百分點', '股東人數近2週變化 +2.70%（下降代表散戶籌碼流出、籌碼集中）', '近14個交易日三大法人合計賣超 14,666 張（約當期成交量 -4.2%）', '近25個交易日融資餘額變化 -28.90%（下降代表籌碼較乾淨）', '近120個交易日內量增創高249.00元（15日前），目前拉回36.3%，已拉回至季線附近或以下，歷史慣性拉回幅度中位數約23.0%', '布林剛開喇叭，但三大法人為賣超方向，屬於應避開的型態（準則h）（帶寬52.5%, 型態=wide, 位置=lower, 開喇叭=是）', '未明顯符合葛蘭碧買賣點規則']",3042,TWSE,158.5,24.768009795125568,30.757233863948326,-16.119073869900777,0.5254397140806086,lower,neutral,True,36.34538152610442,22.98657661173995,晶技,電子工業,25238.3,5282678856.0
40.0,12.5,14.0,6.0,7.5,"['千張大戶持股比例近2週變化 -4.79 個百分點', '股東人數近2週變化 +4.60%（下降代表散戶籌碼流出、籌碼集中）', '近14個交易日三大法人合計賣超 8,811 張（約當期成交量 -1.4%）', '近25個交易日融資餘額變化 -15.55%（下降代表籌碼較乾淨）', '近120個交易日內量增創高96.40元（15日前），目前拉回24.2%，尚未拉回到季線附近，歷史慣性拉回幅度中位數約22.7%', '布林型態中性，無明顯訊號（帶寬45.0%, 型態=wide, 位置=middle, 開喇叭=否）', '未明顯符合葛蘭碧買賣點規則']",2484,TWSE,73.1,55.97542590245928,59.38519878654621,16.988077138513223,0.4498937233512162,middle,neutral,True,24.17012448132781,22.713414634146332,希華,電子工業,44742.1,3785478999.0
40.0,14.5,12.0,6.0,7.5,"['千張大戶持股比例近2週變化 -1.17 個百分點', '股東人數近2週變化 +0.77%（下降代表散戶籌碼流出、籌碼集中）', '近14個交易日三大法人合計賣超 2,060 張（約當期成交量 -6.2%）', '近25個交易日融資餘額變化 -3.12%（下降代表籌碼較乾淨）', '近120個交易日內量增創高5195.00元（25日前），目前拉回21.3%，尚未拉回到季線附近，歷史慣性拉回幅度中位數約24.8%', '布林型態中性，無明顯訊號（帶寬16.3%, 型態=normal, 位置=middle, 開喇叭=否）', '未明顯符合葛蘭碧買賣點規則']",3008,TWSE,4090.0,54.045925566680545,54.41728361995941,6.344253770150806,0.1634008387726016,middle,neutral,True,21.27045235803657,24.84375,大立光,光電業,2371.5,9829554304.0
38.5,7.0,18.0,6.0,7.5,"['千張大戶持股比例近2週變化 -2.46 個百分點', '股東人數近2週變化 +2.38%（下降代表散戶籌碼流出、籌碼集中）', '近14個交易日三大法人合計賣超 196,085 張（約當期成交量 -7.8%）', '近25個交易日融資餘額變化 -6.09%（下降代表籌碼較乾淨）', '近120個交易日內量增創高88.70元（39日前），目前拉回30.2%，已拉回至季線附近或以下，歷史慣性拉回幅度中位數約30.3%', '布林型態中性，無明顯訊號（帶寬30.2%, 型態=wide, 位置=lower, 開喇叭=否）', '未明顯符合葛蘭碧買賣點規則']",6770,TWSE,61.9,29.370611334126515,34.64288345716205,-11.425914001574021,0.3023553424764418,lower,neutral,True,30.214205186020298,30.338541666666664,力積電,半導體業,180580.3,12918417271.0
37.5,7.5,20.0,2.6,7.5,"['千張大戶持股比例近2週變化 -0.46 個百分點', '股東人數近2週變化 +2.80%（下降代表散戶籌碼流出、籌碼集中）', '近14個交易日三大法人合計賣超 4,344 張（約當期成交量 -1.5%）', '近25個交易日融資餘額變化 +24.70%（下降代表籌碼較乾淨）', '近120個交易日內量增創高417.00元（36日前），目前拉回22.8%，已拉回至季線附近或以下，歷史慣性拉回幅度中位數約17.6%', '布林剛開喇叭，但三大法人為賣超方向，屬於應避開的型態（準則h）（帶寬27.0%, 型態=wide, 位置=lower, 開喇叭=是）', '未明顯符合葛蘭碧買賣點規則']",2382,TWSE,322.0,26.994184013439295,31.353876928885985,-8.27735181712441,0.26980122060076117,lower,neutral,True,22.781774580335732,17.595307917888565,廣達,電子工業,20103.2,7079636913.0
37.5,12.0,12.0,6.0,7.5,"['千張大戶持股比例近2週變化 -0.42 個百分點', '股東人數近2週變化 +8.63%（下降代表散戶籌碼流出、籌碼集中）', '近14個交易日三大法人合計賣超 3,148 張（約當期成交量 -7.0%）', '近25個交易日融資餘額變化 -0.38%（下降代表籌碼較乾淨）', '近120個交易日內量增創高1530.00元（12日前），目前拉回21.9%，尚未拉回到季線附近，歷史慣性拉回幅度中位數約25.7%', '布林型態中性，無明顯訊號（帶寬36.7%, 型態=wide, 位置=middle, 開喇叭=否）', '未明顯符合葛蘭碧買賣點規則']",6446,TWSE,1195.0,58.91260285347314,61.66027781566092,17.406255117078757,0.36699596884269675,middle,neutral,True,21.895424836601308,25.680933852140075,藥華藥,生技醫療業,3233.4,4201064741.0
37.0,27.0,0.0,2.6,7.5,"['千張大戶持股比例近2週變化 +2.12 個百分點', '股東人數近2週變化 +5.28%（下降代表散戶籌碼流出、籌碼集中）', '近14個交易日三大法人合計賣超 1,132 張（約當期成交量 -4.6%）', '近25個交易日融資餘額變化 -1.13%（下降代表籌碼較乾淨）', '近期未出現「量增創高後拉回」型態，此項不適用', '布林剛開喇叭，但三大法人為賣超方向，屬於應避開的型態（準則h）（帶寬63.7%, 型態=wide, 位置=middle, 開喇叭=是）', '未明顯符合葛蘭碧買賣點規則']",8996,TWSE,995.0,14.307103133312204,17.522902484955086,-17.442230304371275,0.6367744936816783,middle,neutral,False,37.42138364779874,30.48780487804878,高力,電機機械,1746.2,2015912318.0
36.5,26.5,0.0,2.6,7.5,"['千張大戶持股比例近2週變化 +0.02 個百分點', '股東人數近2週變化 +4.17%（下降代表散戶籌碼流出、籌碼集中）', '近22個交易日三大法人合計賣超 264 張（約當期成交量 -1.4%）', '近25個交易日融資餘額變化 -20.44%（下降代表籌碼較乾淨）', '近期未出現「量增創高後拉回」型態，此項不適用', '布林剛開喇叭，但三大法人為賣超方向，屬於應避開的型態（準則h）（帶寬34.3%, 型態=wide, 位置=middle, 開喇叭=是）', '未明顯符合葛蘭碧買賣點規則']",6223,TPEx,5720.0,39.04739440360041,43.27512205055241,-5.401121845670415,0.3427540761749927,middle,neutral,False,22.493224932249323,9.67741935483871,旺矽,半導體業,879.0,5535036149.0
35.5,26.5,0.0,6.0,3.0,"['千張大戶持股比例近2週變化 +1.06 個百分點', '股東人數近2週變化 +0.68%（下降代表散戶籌碼流出、籌碼集中）', '近14個交易日三大法人合計買超 6,606 張（約當期成交量 15.5%）', '近25個交易日融資餘額變化 +74.53%（下降代表籌碼較乾淨）', '近期未出現「量增創高後拉回」型態，此項不適用', '布林型態中性，無明顯訊號（帶寬44.4%, 型態=wide, 位置=upper, 開喇叭=是）', '月線上揚但乖離率達14.4%，過度乖離 -> 葛蘭碧賣點③']",6414,TWSE,469.0,86.82690254546668,88.89455856636332,24.101433296582133,0.4437036876385983,upper,sell_overbought,False,6.759443339960239,15.04297994269341,樺漢,電子工業,3041.4,1344256003.0
35.5,22.0,0.0,6.0,7.5,"['千張大戶持股比例近2週變化 -0.19 個百分點', '股東人數近2週變化 +3.77%（下降代表散戶籌碼流出、籌碼集中）', '近22個交易日三大法人合計買超 2,782 張（約當期成交量 2.1%）', '近25個交易日融資餘額變化 -23.09%（下降代表籌碼較乾淨）', '近期未出現「量增創高後拉回」型態，此項不適用', '布林型態中性，無明顯訊號（帶寬54.8%, 型態=wide, 位置=middle, 開喇叭=是）', '未明顯符合葛蘭碧買賣點規則']",6274,TPEx,1255.0,34.145805589700416,37.755767885775015,-15.89411370490339,0.5476362830109682,middle,neutral,False,33.94736842105263,9.34844192634561,台燿,電子零組件業,5920.2,8633082614.0
35.5,22.0,0.0,6.0,7.5,"['千張大戶持股比例近2週變化 -0.07 個百分點', '股東人數近2週變化 -0.45%（下降代表散戶籌碼流出、籌碼集中）', '近14個交易日三大法人合計買超 61,367 張（約當期成交量 12.1%）', '近25個交易日融資餘額變化 +36.74%（下降代表籌碼較乾淨）', '近期未出現「量增創高後拉回」型態，此項不適用', '布林型態中性，無明顯訊號（帶寬8.4%, 型態=normal, 位置=middle, 開喇叭=否）', '未明顯符合葛蘭碧買賣點規則']",2882,TWSE,98.5,52.3916899142113,51.66589435651886,6.421291461086912,0.083580513217249,middle,neutral,False,14.71861471861472,7.560627674750354,國泰金,金融保險,36335.8,3503648898.0
34.0,12.0,0.0,10.1,12.0,"['千張大戶持股比例近2週變化 -0.15 個百分點', '股東人數近2週變化 +5.94%（下降代表散戶籌碼流出、籌碼集中）', '近14個交易日三大法人合計買超 6,548 張（約當期成交量 0.7%）', '近25個交易日融資餘額變化 +25.12%（下降代表籌碼較乾淨）', '近期未出現「量增創高後拉回」型態，此項不適用', '股價於布林上通道與月線之間震盪，符合多頭排列格局 -> 良好趨勢型態(範例3)（帶寬31.5%, 型態=wide, 位置=middle, 開喇叭=否）', '月線上揚，股價拉回獲得月線支撐 -> 葛蘭碧買點②']",2634,TWSE,61.8,67.31177397343781,73.83102228806743,18.8042677261222,0.31539016354931193,middle,buy_support,False,13.56643356643357,18.303571428571434,漢翔,航運業,64000.6,4043425719.0
31.1,21.0,0.0,2.6,7.5,"['千張大戶持股比例近2週變化 +0.15 個百分點', '股東人數近2週變化 -0.71%（下降代表散戶籌碼流出、籌碼集中）', '近22個交易日三大法人合計賣超 3,232 張（約當期成交量 -5.7%）', '近25個交易日融資餘額變化 +10.35%（下降代表籌碼較乾淨）', '近期未出現「量增創高後拉回」型態，此項不適用', '布林剛開喇叭，但三大法人為賣超方向，屬於應避開的型態（準則h）（帶寬44.9%, 型態=wide, 位置=middle, 開喇叭=是）', '未明顯符合葛蘭碧買賣點規則']",3081,TPEx,1805.0,20.16378407128866,15.116020477244794,-22.49338009017391,0.44880896413089094,middle,neutral,False,42.879746835443036,20.69943289224953,聯亞,通信網路業,2573.6,4713600838.0
31.0,17.5,0.0,6.0,7.5,"['千張大戶持股比例近2週變化 -0.10 個百分點', '股東人數近2週變化 -6.75%（下降代表散戶籌碼流出、籌碼集中）', '近14個交易日三大法人合計賣超 342 張（約當期成交量 -0.9%）', '近25個交易日融資餘額變化 +66.38%（下降代表籌碼較乾淨）', '近期未出現「量增創高後拉回」型態，此項不適用', '布林型態中性，無明顯訊號（帶寬30.8%, 型態=wide, 位置=middle, 開喇叭=否）', '未明顯符合葛蘭碧買賣點規則']",2360,TWSE,2100.0,32.0002129361803,27.558745802009998,-5.738011520909709,0.3078771030810011,middle,neutral,False,20.0,12.282608695652174,致茂,其他電子業,2865.1,5725542918.0
31.0,17.5,0.0,6.0,7.5,"['千張大戶持股比例近2週變化 -0.13 個百分點', '股東人數近2週變化 +0.41%（下降代表散戶籌碼流出、籌碼集中）', '近14個交易日三大法人合計買超 82,361 張（約當期成交量 12.2%）', '近25個交易日融資餘額變化 +68.22%（下降代表籌碼較乾淨）', '近期未出現「量增創高後拉回」型態，此項不適用', '布林型態中性，無明顯訊號（帶寬8.1%, 型態=normal, 位置=middle, 開喇叭=否）', '未明顯符合葛蘭碧買賣點規則']",2890,TWSE,39.6,78.21779530845849,80.05188175615856,12.879471708869772,0.08144046801649009,middle,neutral,False,5.489260143198084,11.926605504587156,永豐金,金融保險,48325.4,1928100136.0
31.0,17.5,0.0,6.0,7.5,"['千張大戶持股比例近2週變化 -0.58 個百分點', '股東人數近2週變化 +1.94%（下降代表散戶籌碼流出、籌碼集中）', '近14個交易日三大法人合計買超 81,877 張（約當期成交量 10.9%）', '近25個交易日融資餘額變化 +43.74%（下降代表籌碼較乾淨）', '近期未出現「量增創高後拉回」型態，此項不適用', '布林型態中性，無明顯訊號（帶寬22.6%, 型態=wide, 位置=middle, 開喇叭=是）', '未明顯符合葛蘭碧買賣點規則']",2891,TWSE,63.0,51.7619504262552,53.18118360190323,-0.9589687156107523,0.22602362503588938,middle,neutral,False,12.983425414364646,6.555760087412765,中信金,金融保險,53690.5,3568317614.0
31.0,17.5,0.0,6.0,7.5,"['千張大戶持股比例近2週變化 -0.48 個百分點', '股東人數近2週變化 +1.74%（下降代表散戶籌碼流出、籌碼集中）', '近14個交易日三大法人合計買超 37,835 張（約當期成交量 12.3%）', '近25個交易日融資餘額變化 +997.26%（下降代表籌碼較乾淨）', '近期未出現「量增創高後拉回」型態，此項不適用', '布林型態中性，無明顯訊號（帶寬8.9%, 型態=normal, 位置=middle, 開喇叭=否）', '未明顯符合葛蘭碧買賣點規則']",2412,TWSE,140.5,46.86227986380585,40.842863556154725,0.758979262535113,0.08914001542176768,middle,neutral,False,4.09556313993174,3.985507246376811,中華電,通信網路業,22059.3,3044422220.0
30.5,17.0,0.0,6.0,7.5,"['千張大戶持股比例近2週變化 -0.61 個百分點', '股東人數近2週變化 -0.64%（下降代表散戶籌碼流出、籌碼集中）', '近14個交易日三大法人合計賣超 463 張（約當期成交量 -0.6%）', '近25個交易日融資餘額變化 +0.29%（下降代表籌碼較乾淨）', '近期未出現「量增創高後拉回」型態，此項不適用', '布林型態中性，無明顯訊號（帶寬19.6%, 型態=normal, 位置=middle, 開喇叭=否）', '未明顯符合葛蘭碧買賣點規則']",2379,TWSE,762.0,50.411009279723984,49.60680476688428,12.721893491124261,0.19552196212814418,middle,neutral,False,15.333333333333332,10.377186401282787,瑞昱,半導體業,5314.9,4113001484.0
30.5,17.0,0.0,6.0,7.5,"['千張大戶持股比例近2週變化 -0.44 個百分點', '股東人數近2週變化 -1.63%（下降代表散戶籌碼流出、籌碼集中）', '近22個交易日三大法人合計賣超 9,700 張（約當期成交量 -2.3%）', '近25個交易日融資餘額變化 +2.26%（下降代表籌碼較乾淨）', '近期未出現「量增創高後拉回」型態，此項不適用', '布林型態中性，無明顯訊號（帶寬35.8%, 型態=wide, 位置=middle, 開喇叭=否）', '未明顯符合葛蘭碧買賣點規則']",3105,TPEx,355.0,15.581635498942248,12.583429030042257,-23.288855275241744,0.35792826245334813,middle,neutral,False,42.463533225283626,36.46408839779006,穩懋,半導體業,18771.5,7196644999.0
29.5,0.0,16.0,6.0,7.5,"['千張大戶持股比例近2週變化 -3.85 個百分點', '股東人數近2週變化 +9.05%（下降代表散戶籌碼流出、籌碼集中）', '近14個交易日三大法人合計賣超 21,618 張（約當期成交量 -6.2%）', '近25個交易日融資餘額變化 +26.00%（下降代表籌碼較乾淨）', '近120個交易日內量增創高396.00元（14日前），目前拉回22.5%，已拉回至季線附近或以下，歷史慣性拉回幅度中位數約33.8%', '布林型態中性，無明顯訊號（帶寬31.7%, 型態=wide, 位置=lower, 開喇叭=否）', '未明顯符合葛蘭碧買賣點規則']",6213,TWSE,307.0,49.20547304063547,55.25673748701324,2.293552507358247,0.31663300513136095,lower,neutral,True,22.474747474747474,33.77777777777778,聯茂,電子工業,24809.9,8895373733.0
29.1,19.0,0.0,2.6,7.5,"['千張大戶持股比例近2週變化 +0.22 個百分點', '股東人數近2週變化 +1.17%（下降代表散戶籌碼流出、籌碼集中）', '近14個交易日三大法人合計賣超 31,365 張（約當期成交量 -7.8%）', '近25個交易日融資餘額變化 +9.31%（下降代表籌碼較乾淨）', '近期未出現「量增創高後拉回」型態，此項不適用', '布林剛開喇叭，但三大法人為賣超方向，屬於應避開的型態（準則h）（帶寬35.3%, 型態=wide, 位置=middle, 開喇叭=是）', '未明顯符合葛蘭碧買賣點規則']",3037,TWSE,848.0,30.135562614300397,34.14266295706453,-8.158844765342964,0.3525136233049798,middle,neutral,False,21.843317972350228,31.322505800464036,欣興,電子工業,28758.4,25927876977.0
29.1,19.0,0.0,2.6,7.5,"['千張大戶持股比例近2週變化 +0.84 個百分點', '股東人數近2週變化 +4.72%（下降代表散戶籌碼流出、籌碼集中）', '近14個交易日三大法人合計賣超 1,726 張（約當期成交量 -2.4%）', '近25個交易日融資餘額變化 +9.04%（下降代表籌碼較乾淨）', '近期未出現「量增創高後拉回」型態，此項不適用', '布林剛開喇叭，但三大法人為賣超方向，屬於應避開的型態（準則h）（帶寬48.3%, 型態=wide, 位置=lower, 開喇叭=是）', '未明顯符合葛蘭碧買賣點規則']",2368,TWSE,895.0,6.008724732613033,8.018050110992576,-28.662521919336836,0.4834918370057447,lower,neutral,False,40.13377926421405,10.480349344978166,金像電,電子工業,5155.1,5505863256.0
28.5,15.0,0.0,6.0,7.5,"['千張大戶持股比例近2週變化 -1.30 個百分點', '股東人數近2週變化 +5.19%（下降代表散戶籌碼流出、籌碼集中）', '近14個交易日三大法人合計賣超 160,284 張（約當期成交量 -7.5%）', '近25個交易日融資餘額變化 -25.23%（下降代表籌碼較乾淨）', '近期未出現「量增創高後拉回」型態，此項不適用', '布林型態中性，無明顯訊號（帶寬39.0%, 型態=wide, 位置=lower, 開喇叭=否）', '未明顯符合葛蘭碧買賣點規則']",2303,TWSE,126.0,53.04940536722799,59.14393339163804,-6.048442218549208,0.38961277023507535,lower,neutral,False,29.411764705882355,20.386643233743413,聯電,半導體業,152576.2,22758555518.0
28.0,14.5,0.0,6.0,7.5,"['千張大戶持股比例近2週變化 -1.20 個百分點', '股東人數近2週變化 +0.37%（下降代表散戶籌碼流出、籌碼集中）', '近14個交易日三大法人合計賣超 34,021 張（約當期成交量 -3.5%）', '近25個交易日融資餘額變化 -4.49%（下降代表籌碼較乾淨）', '近期未出現「量增創高後拉回」型態，此項不適用', '布林型態中性，無明顯訊號（帶寬31.7%, 型態=wide, 位置=middle, 開喇叭=否）', '未明顯符合葛蘭碧買賣點規則']",2337,TWSE,125.5,14.562283498704131,16.447656047358507,-17.120686808651154,0.3174223659854312,middle,neutral,False,32.34501347708895,23.361344537815125,旺宏,半導體業,68519.0,9563291868.0
28.0,14.5,0.0,6.0,7.5,"['千張大戶持股比例近2週變化 -0.34 個百分點', '股東人數近2週變化 +1.17%（下降代表散戶籌碼流出、籌碼集中）', '近14個交易日三大法人合計買超 12,719 張（約當期成交量 2.9%）', '近25個交易日融資餘額變化 +46.56%（下降代表籌碼較乾淨）', '近期未出現「量增創高後拉回」型態，此項不適用', '布林型態中性，無明顯訊號（帶寬15.4%, 型態=normal, 位置=middle, 開喇叭=是）', '未明顯符合葛蘭碧買賣點規則']",2885,TWSE,64.7,60.70769331391502,62.74251799285313,4.34642367551004,0.15424291107599683,middle,neutral,False,9.510489510489506,7.795698924731198,元大金,金融保險,31220.8,2046213939.0
27.6,17.5,0.0,2.6,7.5,"['千張大戶持股比例近2週變化 -0.93 個百分點', '股東人數近2週變化 +11.25%（下降代表散戶籌碼流出、籌碼集中）', '近14個交易日三大法人合計賣超 23,623 張（約當期成交量 -2.9%）', '近25個交易日融資餘額變化 -31.28%（下降代表籌碼較乾淨）', '近期未出現「量增創高後拉回」型態，此項不適用', '布林剛開喇叭，但三大法人為賣超方向，屬於應避開的型態（準則h）（帶寬81.9%, 型態=wide, 位置=lower, 開喇叭=是）', '未明顯符合葛蘭碧買賣點規則']",2327,TWSE,625.0,39.08626319349469,43.48162316756897,-16.20298987732118,0.8193064598970702,lower,neutral,False,45.17543859649123,39.08582089552239,國巨*,電子工業,57946.8,48758608077.0
27.1,17.0,0.0,2.6,7.5,"['千張大戶持股比例近2週變化 -0.42 個百分點', '股東人數近2週變化 -1.87%（下降代表散戶籌碼流出、籌碼集中）', '近14個交易日三大法人合計賣超 13,971 張（約當期成交量 -2.6%）', '近25個交易日融資餘額變化 +6.72%（下降代表籌碼較乾淨）', '近期未出現「量增創高後拉回」型態，此項不適用', '布林剛開喇叭，但三大法人為賣超方向，屬於應避開的型態（準則h）（帶寬38.3%, 型態=wide, 位置=lower, 開喇叭=是）', '未明顯符合葛蘭碧買賣點規則']",4958,TWSE,470.5,46.61773197476119,56.92518349354452,-10.16420570264766,0.3833994084822083,lower,neutral,False,27.167182662538696,23.7012987012987,臻鼎-KY,電子工業,38775.8,22101486887.0
26.6,16.5,0.0,2.6,7.5,"['千張大戶持股比例近2週變化 +0.08 個百分點', '股東人數近2週變化 +2.81%（下降代表散戶籌碼流出、籌碼集中）', '近14個交易日三大法人合計賣超 1,429 張（約當期成交量 -4.7%）', '近25個交易日融資餘額變化 +1.77%（下降代表籌碼較乾淨）', '近期未出現「量增創高後拉回」型態，此項不適用', '布林剛開喇叭，但三大法人為賣超方向，屬於應避開的型態（準則h）（帶寬30.9%, 型態=wide, 位置=middle, 開喇叭=是）', '未明顯符合葛蘭碧買賣點規則']",2383,TWSE,4815.0,34.60109428868883,38.26793380270208,-4.824655322933991,0.30892401034008893,middle,neutral,False,20.80592105263158,8.447937131630647,台光電,電子工業,2154.0,11037769896.0
26.5,19.0,0.0,6.0,1.5,"['千張大戶持股比例近2週變化 -0.63 個百分點', '股東人數近2週變化 -0.57%（下降代表散戶籌碼流出、籌碼集中）', '近14個交易日三大法人合計賣超 40,722 張（約當期成交量 -3.3%）', '近25個交易日融資餘額變化 -6.74%（下降代表籌碼較乾淨）', '近期未出現「量增創高後拉回」型態，此項不適用', '布林型態中性，無明顯訊號（帶寬23.5%, 型態=wide, 位置=middle, 開喇叭=否）', '月線往下，股價反彈超過月線 -> 葛蘭碧賣點⑤']",2408,TWSE,436.0,71.93080176928927,71.69117481581839,16.681534344335407,0.2345667241661608,middle,sell_rebound,False,13.663366336633665,36.65585783734339,南亞科,半導體業,87256.7,37362164351.0
26.0,12.5,0.0,6.0,7.5,"['千張大戶持股比例近2週變化 -2.58 個百分點', '股東人數近2週變化 +0.28%（下降代表散戶籌碼流出、籌碼集中）', '近14個交易日三大法人合計賣超 2,902 張（約當期成交量 -3.8%）', '近25個交易日融資餘額變化 -13.76%（下降代表籌碼較乾淨）', '近期未出現「量增創高後拉回」型態，此項不適用', '布林型態中性，無明顯訊號（帶寬33.2%, 型態=wide, 位置=middle, 開喇叭=否）', '未明顯符合葛蘭碧買賣點規則']",3450,TWSE,438.0,46.084169200334436,48.47307433980999,-7.695549857749988,0.33185299550610975,middle,neutral,False,28.431372549019606,21.641034552668927,聯鈞,其他電子業,5498.8,2538527274.0
25.5,12.0,0.0,6.0,7.5,"['千張大戶持股比例近2週變化 -0.53 個百分點', '股東人數近2週變化 +10.29%（下降代表散戶籌碼流出、籌碼集中）', '近14個交易日三大法人合計賣超 48,973 張（約當期成交量 -4.0%）', '近25個交易日融資餘額變化 -3.41%（下降代表籌碼較乾淨）', '近期未出現「量增創高後拉回」型態，此項不適用', '布林型態中性，無明顯訊號（帶寬39.4%, 型態=wide, 位置=middle, 開喇叭=否）', '未明顯符合葛蘭碧買賣點規則']",1303,TWSE,174.0,71.28860929017537,77.7746286952515,30.868066436853642,0.3935772763012171,middle,neutral,False,23.516483516483515,19.967712301748136,南亞,塑膠工業,87901.3,17293505782.0
25.5,12.0,0.0,6.0,7.5,"['千張大戶持股比例近2週變化 -1.37 個百分點', '股東人數近2週變化 -2.00%（下降代表散戶籌碼流出、籌碼集中）', '近22個交易日三大法人合計賣超 422 張（約當期成交量 -5.7%）', '近25個交易日融資餘額變化 +63.10%（下降代表籌碼較乾淨）', '近期未出現「量增創高後拉回」型態，此項不適用', '布林型態中性，無明顯訊號（帶寬40.4%, 型態=wide, 位置=middle, 開喇叭=否）', '未明顯符合葛蘭碧買賣點規則']",5274,TPEx,14695.0,34.788016107111076,31.081460411966212,-12.176901240101598,0.40355289546969786,middle,neutral,False,23.761348897535665,14.971380842973383,信驊,半導體業,336.4,4906541312.0
25.5,12.0,0.0,6.0,7.5,"['千張大戶持股比例近2週變化 -0.53 個百分點', '股東人數近2週變化 +2.26%（下降代表散戶籌碼流出、籌碼集中）', '近14個交易日三大法人合計賣超 94,988 張（約當期成交量 -4.7%）', '近25個交易日融資餘額變化 -4.45%（下降代表籌碼較乾淨）', '近期未出現「量增創高後拉回」型態，此項不適用', '布林型態中性，無明顯訊號（帶寬36.3%, 型態=wide, 位置=middle, 開喇叭=否）', '未明顯符合葛蘭碧買賣點規則']",2344,TWSE,160.0,49.50590596195672,51.26129374973709,0.44993198702521825,0.3631550232167453,middle,neutral,False,27.927927927927925,25.87820710444285,華邦電,半導體業,143724.5,25230531068.0
25.1,15.0,0.0,2.6,7.5,"['千張大戶持股比例近2週變化 -1.68 個百分點', '股東人數近2週變化 +3.34%（下降代表散戶籌碼流出、籌碼集中）', '近22個交易日三大法人合計賣超 3,571 張（約當期成交量 -3.7%）', '近25個交易日融資餘額變化 -16.78%（下降代表籌碼較乾淨）', '近期未出現「量增創高後拉回」型態，此項不適用', '布林剛開喇叭，但三大法人為賣超方向，屬於應避開的型態（準則h）（帶寬39.6%, 型態=wide, 位置=lower, 開喇叭=是）', '未明顯符合葛蘭碧買賣點規則']",8299,TPEx,1820.0,15.24739765156923,19.64963932032426,-21.63616792249731,0.39598864932897343,lower,neutral,False,36.80555555555556,20.53231939163498,群聯,半導體業,4421.8,9088984557.0
23.9,19.0,0.0,2.0,3.0,"['千張大戶持股比例近2週變化 +0.21 個百分點', '股東人數近2週變化 +1.05%（下降代表散戶籌碼流出、籌碼集中）', '近14個交易日三大法人合計賣超 782 張（約當期成交量 -1.5%）', '近25個交易日融資餘額變化 +15.14%（下降代表籌碼較乾淨）', '近期未出現「量增創高後拉回」型態，此項不適用', '布林剛開喇叭，但三大法人為賣超方向，屬於應避開的型態（準則h）（帶寬26.3%, 型態=wide, 位置=upper, 開喇叭=是）', '月線上揚但乖離率達8.1%，過度乖離 -> 葛蘭碧賣點③']",2395,TWSE,577.0,85.39787976432937,83.6836341057037,16.935756265621833,0.2627740242650041,upper,sell_overbought,False,3.833333333333333,17.464114832535884,研華,電腦及週邊設備業,3780.5,2054054487.0
23.5,10.0,0.0,6.0,7.5,"['千張大戶持股比例近2週變化 -2.59 個百分點', '股東人數近2週變化 +10.78%（下降代表散戶籌碼流出、籌碼集中）', '近14個交易日三大法人合計賣超 15,201 張（約當期成交量 -7.4%）', '近25個交易日融資餘額變化 -15.41%（下降代表籌碼較乾淨）', '近期未出現「量增創高後拉回」型態，此項不適用', '布林型態中性，無明顯訊號（帶寬67.6%, 型態=wide, 位置=lower, 開喇叭=否）', '未明顯符合葛蘭碧買賣點規則']",2481,TWSE,137.0,34.64930915717848,41.12762088888088,-10.263968035632402,0.6762506855060372,lower,neutral,False,39.78021978021978,18.796992481203006,強茂,半導體業,14736.3,2500625897.0
22.1,12.0,0.0,2.6,7.5,"['千張大戶持股比例近2週變化 -0.15 個百分點', '股東人數近2週變化 +2.76%（下降代表散戶籌碼流出、籌碼集中）', '近14個交易日三大法人合計賣超 2,398 張（約當期成交量 -5.9%）', '近25個交易日融資餘額變化 -6.45%（下降代表籌碼較乾淨）', '近期未出現「量增創高後拉回」型態，此項不適用', '布林剛開喇叭，但三大法人為賣超方向，屬於應避開的型態（準則h）（帶寬32.3%, 型態=wide, 位置=middle, 開喇叭=是）', '未明顯符合葛蘭碧買賣點規則']",2345,TWSE,2240.0,30.066442367764456,31.60402600061168,-8.24685963954124,0.3228848821447775,middle,neutral,False,18.545454545454547,9.375,智邦,通信網路業,2899.5,6983821236.0
21.0,7.5,0.0,6.0,7.5,"['千張大戶持股比例近2週變化 -0.17 個百分點', '股東人數近2週變化 +1.01%（下降代表散戶籌碼流出、籌碼集中）', '近14個交易日三大法人合計賣超 16,629 張（約當期成交量 -4.9%）', '近25個交易日融資餘額變化 +15.20%（下降代表籌碼較乾淨）', '近期未出現「量增創高後拉回」型態，此項不適用', '布林型態中性，無明顯訊號（帶寬21.3%, 型態=wide, 位置=lower, 開喇叭=否）', '未明顯符合葛蘭碧買賣點規則']",3711,TWSE,608.0,60.82362124492569,65.25871527234597,1.3755731554814505,0.2128668233171059,lower,neutral,False,16.368638239339752,17.441860465116278,日月光投控,半導體業,24173.3,15885628083.0
21.0,7.5,0.0,6.0,7.5,"['千張大戶持股比例近2週變化 -0.21 個百分點', '股東人數近2週變化 +1.42%（下降代表散戶籌碼流出、籌碼集中）', '近14個交易日三大法人合計賣超 10,885 張（約當期成交量 -7.4%）', '近25個交易日融資餘額變化 +16.48%（下降代表籌碼較乾淨）', '近期未出現「量增創高後拉回」型態，此項不適用', '布林型態中性，無明顯訊號（帶寬19.2%, 型態=normal, 位置=lower, 開喇叭=否）', '未明顯符合葛蘭碧買賣點規則']",2308,TWSE,1755.0,14.255253106775799,15.235689775698827,-16.212452755122346,0.1920333451969379,lower,neutral,False,30.357142857142854,10.034776551280677,台達電,電子工業,10560.5,19898321167.0
21.0,7.5,0.0,6.0,7.5,"['千張大戶持股比例近2週變化 -0.70 個百分點', '股東人數近2週變化 +1.26%（下降代表散戶籌碼流出、籌碼集中）', '近22個交易日三大法人合計賣超 3,409 張（約當期成交量 -5.4%）', '近25個交易日融資餘額變化 +15.82%（下降代表籌碼較乾淨）', '近期未出現「量增創高後拉回」型態，此項不適用', '布林型態中性，無明顯訊號（帶寬38.3%, 型態=wide, 位置=middle, 開喇叭=否）', '未明顯符合葛蘭碧買賣點規則']",5289,TPEx,1330.0,23.26849889923486,27.530152724115062,-19.718309859154935,0.3826796401386582,middle,neutral,False,33.165829145728644,20.217170831395215,宜鼎,電腦及週邊設備業,2868.3,4279433443.0
20.1,10.0,0.0,2.6,7.5,"['千張大戶持股比例近2週變化 -0.31 個百分點', '股東人數近2週變化 +3.12%（下降代表散戶籌碼流出、籌碼集中）', '近14個交易日三大法人合計賣超 2,868 張（約當期成交量 -2.2%）', '近25個交易日融資餘額變化 +2.81%（下降代表籌碼較乾淨）', '近期未出現「量增創高後拉回」型態，此項不適用', '布林剛開喇叭，但三大法人為賣超方向，屬於應避開的型態（準則h）（帶寬29.1%, 型態=wide, 位置=middle, 開喇叭=是）', '未明顯符合葛蘭碧買賣點規則']",2454,TWSE,3680.0,50.62343360237347,52.88934569656902,-6.504065040650407,0.2908920755617223,middle,neutral,False,20.689655172413794,12.82051282051282,聯發科,半導體業,9509.4,37001755587.0
18.5,5.0,0.0,6.0,7.5,"['千張大戶持股比例近2週變化 -0.27 個百分點', '股東人數近2週變化 +4.42%（下降代表散戶籌碼流出、籌碼集中）', '近14個交易日三大法人合計賣超 77,126 張（約當期成交量 -14.7%）', '近25個交易日融資餘額變化 +13.05%（下降代表籌碼較乾淨）', '近期未出現「量增創高後拉回」型態，此項不適用', '布林型態中性，無明顯訊號（帶寬9.0%, 型態=normal, 位置=middle, 開喇叭=否）', '未明顯符合葛蘭碧買賣點規則']",2330,TWSE,2350.0,59.8269818847394,64.88156292875784,0.22390446742723108,0.09030144282622428,middle,neutral,False,6.374501992031872,7.929515418502203,台積電,半導體業,37361.1,89674424985.0
17.0,0.0,8.0,6.0,3.0,"['千張大戶持股比例近2週變化 -4.87 個百分點', '股東人數近2週變化 +9.63%（下降代表散戶籌碼流出、籌碼集中）', '近14個交易日三大法人合計賣超 19,545 張（約當期成交量 -3.5%）', '近25個交易日融資餘額變化 +36.05%（下降代表籌碼較乾淨）', '近120個交易日內量增創高25.95元（10日前），目前拉回6.4%，尚未拉回到季線附近，歷史慣性拉回幅度中位數約37.3%', '布林型態中性，無明顯訊號（帶寬46.6%, 型態=wide, 位置=middle, 開喇叭=否）', '月線上揚但乖離率達13.3%，過度乖離 -> 葛蘭碧賣點③']",2332,TWSE,24.3,73.91671948652285,71.73968218373162,37.97019162526614,0.4661412614486573,middle,sell_overbought,True,6.358381502890167,37.29433272394882,友訊,通信網路業,40225.5,920007442.0
16.9,7.5,0.0,2.0,7.5,"['千張大戶持股比例近2週變化 -0.89 個百分點', '股東人數近2週變化 +0.48%（下降代表散戶籌碼流出、籌碼集中）', '近14個交易日三大法人合計賣超 6,571 張（約當期成交量 -8.1%）', '近25個交易日融資餘額變化 +27.12%（下降代表籌碼較乾淨）', '近期未出現「量增創高後拉回」型態，此項不適用', '帶寬已大，三大法人賣超，股價卻在上軌，留意反轉賣壓 -> 賣點示警型態(範例5)（帶寬22.7%, 型態=wide, 位置=upper, 開喇叭=否）', '未明顯符合葛蘭碧買賣點規則']",2451,TWSE,272.0,23.147740777060996,16.34276479756155,-7.328014536782031,0.22720614128583075,upper,neutral,False,25.17193947730399,18.11475409836065,創見,半導體業,5770.5,1478409874.0
16.0,2.5,0.0,6.0,7.5,"['千張大戶持股比例近2週變化 -2.60 個百分點', '股東人數近2週變化 +3.81%（下降代表散戶籌碼流出、籌碼集中）', '近14個交易日三大法人合計賣超 7,674 張（約當期成交量 -10.6%）', '近25個交易日融資餘額變化 +4.51%（下降代表籌碼較乾淨）', '近期未出現「量增創高後拉回」型態，此項不適用', '布林型態中性，無明顯訊號（帶寬25.7%, 型態=wide, 位置=lower, 開喇叭=否）', '未明顯符合葛蘭碧買賣點規則']",6139,TWSE,762.0,47.778737426113636,53.17762761532262,-4.763888599579229,0.2566908691409859,lower,neutral,False,20.209424083769633,10.157068062827225,亞翔,其他電子業,5188.9,4526305865.0
12.6,2.5,0.0,2.6,7.5,"['千張大戶持股比例近2週變化 -3.79 個百分點', '股東人數近2週變化 +11.42%（下降代表散戶籌碼流出、籌碼集中）', '近14個交易日三大法人合計賣超 2,435 張（約當期成交量 -8.6%）', '近25個交易日融資餘額變化 +7.12%（下降代表籌碼較乾淨）', '近期未出現「量增創高後拉回」型態，此項不適用', '布林剛開喇叭，但三大法人為賣超方向，屬於應避開的型態（準則h）（帶寬44.6%, 型態=wide, 位置=middle, 開喇叭=是）', '未明顯符合葛蘭碧買賣點規則']",3661,TWSE,3460.0,9.496542874634272,11.320133235661839,-19.497440670079104,0.44585933477320217,middle,neutral,False,35.627906976744185,21.418826739427015,世芯-KY,半導體業,2028.0,8106068069.0
