stock_id,date,margin_balance
2330,2026-06-10,28168.0
2330,2026-06-11,27470.0
2330,2026-06-12,27421.0
2330,2026-06-15,27593.0
2330,2026-06-16,27470.0
2330,2026-06-17,28080.0
2330,2026-06-18,28033.0
2330,2026-06-22,28223.0
2330,2026-06-23,28039.0
2330,2026-06-24,31148.0
2330,2026-06-25,31896.0
2330,2026-06-26,31215.0
2330,2026-06-29,31486.0
2330,2026-06-30,33305.0
2330,2026-07-01,32433.0
2330,2026-07-02,33513.0
2330,2026-07-03,34509.0
2330,2026-07-06,34111.0
2330,2026-07-07,32542.0
2330,2026-07-08,32283.0
2330,2026-07-09,33061.0
2330,2026-07-13,32875.0
2330,2026-07-14,33187.0
2408,2026-06-10,95261.0
2408,2026-06-11,96571.0
2408,2026-06-12,94273.0
2408,2026-06-15,100315.0
2408,2026-06-16,92802.0
2408,2026-06-17,97236.0
2408,2026-06-18,97241.0
2408,2026-06-22,99021.0
2408,2026-06-23,86268.0
2408,2026-06-24,86158.0
2408,2026-06-25,84959.0
2408,2026-06-26,80192.0
2408,2026-06-29,81702.0
2408,2026-06-30,85133.0
2408,2026-07-01,84229.0
2408,2026-07-02,83449.0
2408,2026-07-03,85061.0
2408,2026-07-06,84944.0
2408,2026-07-07,83941.0
2408,2026-07-08,83123.0
2408,2026-07-09,81280.0
2408,2026-07-13,87783.0
2408,2026-07-14,93089.0
2327,2026-06-10,53183.0
2327,2026-06-11,55133.0
2327,2026-06-12,54727.0
2327,2026-06-15,55965.0
2327,2026-06-16,55271.0
2327,2026-06-17,59508.0
2327,2026-06-18,58639.0
2327,2026-06-22,57749.0
2327,2026-06-23,54528.0
2327,2026-06-24,54942.0
2327,2026-06-25,56317.0
2327,2026-06-26,53064.0
2327,2026-06-29,51366.0
2327,2026-06-30,54043.0
2327,2026-07-01,54095.0
2327,2026-07-02,53353.0
2327,2026-07-03,53404.0
2327,2026-07-06,52552.0
2327,2026-07-07,45737.0
2327,2026-07-08,45567.0
2327,2026-07-09,46020.0
2327,2026-07-13,44354.0
2327,2026-07-14,44090.0
1303,2026-06-10,28142.0
1303,2026-06-11,27679.0
1303,2026-06-12,31163.0
1303,2026-06-15,27020.0
1303,2026-06-16,26191.0
1303,2026-06-17,27324.0
1303,2026-06-18,31784.0
1303,2026-06-22,36881.0
1303,2026-06-23,29227.0
1303,2026-06-24,35034.0
1303,2026-06-25,33184.0
1303,2026-06-26,30184.0
1303,2026-06-29,30959.0
1303,2026-06-30,35078.0
1303,2026-07-01,35356.0
1303,2026-07-02,32457.0
1303,2026-07-03,32749.0
1303,2026-07-06,31339.0
1303,2026-07-07,31051.0
1303,2026-07-08,31437.0
1303,2026-07-09,36994.0
1303,2026-07-13,39744.0
1303,2026-07-14,48806.0
3037,2026-06-10,35840.0
3037,2026-06-11,35791.0
3037,2026-06-12,35544.0
3037,2026-06-15,35513.0
3037,2026-06-16,35642.0
3037,2026-06-17,36184.0
3037,2026-06-18,36578.0
3037,2026-06-22,36212.0
3037,2026-06-23,36075.0
3037,2026-06-24,37360.0
3037,2026-06-25,36776.0
3037,2026-06-26,37159.0
3037,2026-06-29,37736.0
3037,2026-06-30,38296.0
3037,2026-07-01,37026.0
3037,2026-07-02,38272.0
3037,2026-07-03,38871.0
3037,2026-07-06,39205.0
3037,2026-07-07,39595.0
3037,2026-07-08,40471.0
3037,2026-07-09,41553.0
3037,2026-07-13,41574.0
3037,2026-07-14,41221.0
4958,2026-06-10,26712.0
4958,2026-06-11,26727.0
4958,2026-06-12,26577.0
4958,2026-06-15,28477.0
4958,2026-06-16,27665.0
4958,2026-06-17,27844.0
4958,2026-06-18,26793.0
4958,2026-06-22,27857.0
4958,2026-06-23,28001.0
4958,2026-06-24,28226.0
4958,2026-06-25,30108.0
4958,2026-06-26,29619.0
4958,2026-06-29,30191.0
4958,2026-06-30,29451.0
4958,2026-07-01,31566.0
4958,2026-07-02,31317.0
4958,2026-07-03,31709.0
4958,2026-07-06,31147.0
4958,2026-07-07,31337.0
4958,2026-07-08,31540.0
4958,2026-07-09,32019.0
4958,2026-07-13,31075.0
4958,2026-07-14,30421.0
8046,2026-06-10,10366.0
8046,2026-06-11,10954.0
8046,2026-06-12,11052.0
8046,2026-06-15,10555.0
8046,2026-06-16,10518.0
8046,2026-06-17,11568.0
8046,2026-06-18,11705.0
8046,2026-06-22,13290.0
8046,2026-06-23,11925.0
8046,2026-06-24,11853.0
8046,2026-06-25,11390.0
8046,2026-06-26,10755.0
8046,2026-06-29,11139.0
8046,2026-06-30,11221.0
8046,2026-07-01,10238.0
8046,2026-07-02,10795.0
8046,2026-07-03,11009.0
8046,2026-07-06,10687.0
8046,2026-07-07,9927.0
8046,2026-07-08,11154.0
8046,2026-07-09,9573.0
8046,2026-07-13,10304.0
8046,2026-07-14,11092.0
2454,2026-06-10,11365.0
2454,2026-06-11,11170.0
2454,2026-06-12,10946.0
2454,2026-06-15,10832.0
2454,2026-06-16,10378.0
2454,2026-06-17,10431.0
2454,2026-06-18,9932.0
2454,2026-06-22,9632.0
2454,2026-06-23,9940.0
2454,2026-06-24,10127.0
2454,2026-06-25,9987.0
2454,2026-06-26,9853.0
2454,2026-06-29,9957.0
2454,2026-06-30,10375.0
2454,2026-07-01,10294.0
2454,2026-07-02,10697.0
2454,2026-07-03,10801.0
2454,2026-07-06,10558.0
2454,2026-07-07,10067.0
2454,2026-07-08,10135.0
2454,2026-07-09,10182.0
2454,2026-07-13,10233.0
2454,2026-07-14,9859.0
6182,2026-06-10,46104.0
6182,2026-06-11,44063.0
6182,2026-06-12,43990.0
6182,2026-06-15,44607.0
6182,2026-06-16,46290.0
6182,2026-06-17,56108.0
6182,2026-06-18,60188.0
6182,2026-06-22,59867.0
6182,2026-06-23,63194.0
6182,2026-06-24,63666.0
6182,2026-06-25,64289.0
6182,2026-06-26,61805.0
6182,2026-06-29,57698.0
6182,2026-06-30,64506.0
6182,2026-07-01,64988.0
6182,2026-07-02,68837.0
6182,2026-07-03,68797.0
6182,2026-07-06,64312.0
6182,2026-07-07,62175.0
6182,2026-07-08,67798.0
6182,2026-07-09,75028.0
6182,2026-07-13,72971.0
6182,2026-07-14,75629.0
5483,2026-06-10,11859.0
5483,2026-06-11,12191.0
5483,2026-06-12,13793.0
5483,2026-06-15,16043.0
5483,2026-06-16,11525.0
5483,2026-06-17,12605.0
5483,2026-06-18,12073.0
5483,2026-06-22,12711.0
5483,2026-06-23,12035.0
5483,2026-06-24,12517.0
5483,2026-06-25,12445.0
5483,2026-06-26,11443.0
5483,2026-06-29,11369.0
5483,2026-06-30,12814.0
5483,2026-07-01,12642.0
5483,2026-07-02,14756.0
5483,2026-07-03,15430.0
5483,2026-07-06,13102.0
5483,2026-07-07,11396.0
5483,2026-07-08,12113.0
5483,2026-07-09,12469.0
5483,2026-07-13,14136.0
5483,2026-07-14,15239.0
2303,2026-06-10,175584.0
2303,2026-06-11,208742.0
2303,2026-06-12,217910.0
2303,2026-06-15,235630.0
2303,2026-06-16,217197.0
2303,2026-06-17,221561.0
2303,2026-06-18,236343.0
2303,2026-06-22,250209.0
2303,2026-06-23,246536.0
2303,2026-06-24,254502.0
2303,2026-06-25,252197.0
2303,2026-06-26,231427.0
2303,2026-06-29,234306.0
2303,2026-06-30,245160.0
2303,2026-07-01,245882.0
2303,2026-07-02,247359.0
2303,2026-07-03,245498.0
2303,2026-07-06,242102.0
2303,2026-07-07,232540.0
2303,2026-07-08,230064.0
2303,2026-07-09,233308.0
2303,2026-07-13,237019.0
2303,2026-07-14,221982.0
3711,2026-06-10,8671.0
3711,2026-06-11,8614.0
3711,2026-06-12,8678.0
3711,2026-06-15,8871.0
3711,2026-06-16,8851.0
3711,2026-06-17,9023.0
3711,2026-06-18,9024.0
3711,2026-06-22,9706.0
3711,2026-06-23,8415.0
3711,2026-06-24,8837.0
3711,2026-06-25,9121.0
3711,2026-06-26,8140.0
3711,2026-06-29,8165.0
3711,2026-06-30,8419.0
3711,2026-07-01,8611.0
3711,2026-07-02,9154.0
3711,2026-07-03,10182.0
3711,2026-07-06,10654.0
3711,2026-07-07,10389.0
3711,2026-07-08,10612.0
3711,2026-07-09,10808.0
3711,2026-07-13,11010.0
3711,2026-07-14,10807.0
2344,2026-06-10,118907.0
2344,2026-06-11,122063.0
2344,2026-06-12,129100.0
2344,2026-06-15,136304.0
2344,2026-06-16,133263.0
2344,2026-06-17,129848.0
2344,2026-06-18,143498.0
2344,2026-06-22,150178.0
2344,2026-06-23,135963.0
2344,2026-06-24,138244.0
2344,2026-06-25,135447.0
2344,2026-06-26,134316.0
2344,2026-06-29,134708.0
2344,2026-06-30,140877.0
2344,2026-07-01,135553.0
2344,2026-07-02,131185.0
2344,2026-07-03,133606.0
2344,2026-07-06,137152.0
2344,2026-07-07,131397.0
2344,2026-07-08,131578.0
2344,2026-07-09,138692.0
2344,2026-07-13,138364.0
2344,2026-07-14,136831.0
2308,2026-06-10,5611.0
2308,2026-06-11,5725.0
2308,2026-06-12,5916.0
2308,2026-06-15,6043.0
2308,2026-06-16,5901.0
2308,2026-06-17,6040.0
2308,2026-06-18,6181.0
2308,2026-06-22,6559.0
2308,2026-06-23,6762.0
2308,2026-06-24,7062.0
2308,2026-06-25,7113.0
2308,2026-06-26,7370.0
2308,2026-06-29,7577.0
2308,2026-06-30,7701.0
2308,2026-07-01,7657.0
2308,2026-07-02,7694.0
2308,2026-07-03,8058.0
2308,2026-07-06,8148.0
2308,2026-07-07,7742.0
2308,2026-07-08,7768.0
2308,2026-07-09,7871.0
2308,2026-07-13,7965.0
2308,2026-07-14,7729.0
2337,2026-06-10,87726.0
2337,2026-06-11,85818.0
2337,2026-06-12,86804.0
2337,2026-06-15,88752.0
2337,2026-06-16,93428.0
2337,2026-06-17,95068.0
2337,2026-06-18,94537.0
2337,2026-06-22,96515.0
2337,2026-06-23,97131.0
2337,2026-06-24,94836.0
2337,2026-06-25,104057.0
2337,2026-06-26,94713.0
2337,2026-06-29,97231.0
2337,2026-06-30,103721.0
2337,2026-07-01,97119.0
2337,2026-07-02,97797.0
2337,2026-07-03,100334.0
2337,2026-07-06,99776.0
2337,2026-07-07,96010.0
2337,2026-07-08,96111.0
2337,2026-07-09,96971.0
2337,2026-07-13,96323.0
2337,2026-07-14,97092.0
6488,2026-06-10,8507.0
6488,2026-06-11,8537.0
6488,2026-06-12,8523.0
6488,2026-06-15,9247.0
6488,2026-06-16,9583.0
6488,2026-06-17,9506.0
6488,2026-06-18,9334.0
6488,2026-06-22,9070.0
6488,2026-06-23,8836.0
6488,2026-06-24,8737.0
6488,2026-06-25,8665.0
6488,2026-06-26,8536.0
6488,2026-06-29,8560.0
6488,2026-06-30,8560.0
6488,2026-07-01,9288.0
6488,2026-07-02,8934.0
6488,2026-07-03,9038.0
6488,2026-07-06,9230.0
6488,2026-07-07,9093.0
6488,2026-07-08,9186.0
6488,2026-07-09,9226.0
6488,2026-07-13,9277.0
6488,2026-07-14,10154.0
3481,2026-06-10,366454.0
3481,2026-06-11,361984.0
3481,2026-06-12,364020.0
3481,2026-06-15,372243.0
3481,2026-06-16,385949.0
3481,2026-06-17,418775.0
3481,2026-06-18,422166.0
3481,2026-06-22,428313.0
3481,2026-06-23,421739.0
3481,2026-06-24,455818.0
3481,2026-06-25,458953.0
3481,2026-06-26,429309.0
3481,2026-06-29,439362.0
3481,2026-06-30,448159.0
3481,2026-07-01,455143.0
3481,2026-07-02,452529.0
3481,2026-07-03,452052.0
3481,2026-07-06,455672.0
3481,2026-07-07,444857.0
3481,2026-07-08,441675.0
3481,2026-07-09,447175.0
3481,2026-07-13,422572.0
3481,2026-07-14,388657.0
2313,2026-06-10,42848.0
2313,2026-06-11,41832.0
2313,2026-06-12,44156.0
2313,2026-06-15,45638.0
2313,2026-06-16,47115.0
2313,2026-06-17,45894.0
2313,2026-06-18,45331.0
2313,2026-06-22,44962.0
2313,2026-06-23,45174.0
2313,2026-06-24,45650.0
2313,2026-06-25,46279.0
2313,2026-06-26,44544.0
2313,2026-06-29,44260.0
2313,2026-06-30,44392.0
2313,2026-07-01,44737.0
2313,2026-07-02,44787.0
2313,2026-07-03,44591.0
2313,2026-07-06,45023.0
2313,2026-07-07,45376.0
2313,2026-07-08,44725.0
2313,2026-07-09,45898.0
2313,2026-07-13,45041.0
2313,2026-07-14,44719.0
6770,2026-06-10,135532.0
6770,2026-06-11,135590.0
6770,2026-06-12,138884.0
6770,2026-06-15,151587.0
6770,2026-06-16,149650.0
6770,2026-06-17,149805.0
6770,2026-06-18,152792.0
6770,2026-06-22,167944.0
6770,2026-06-23,149488.0
6770,2026-06-24,164056.0
6770,2026-06-25,163762.0
6770,2026-06-26,155372.0
6770,2026-06-29,161594.0
6770,2026-06-30,167084.0
6770,2026-07-01,164105.0
6770,2026-07-02,171519.0
6770,2026-07-03,173408.0
6770,2026-07-06,177015.0
6770,2026-07-07,165978.0
6770,2026-07-08,168662.0
6770,2026-07-09,171179.0
6770,2026-07-13,169736.0
6770,2026-07-14,166656.0
3008,2026-06-10,1673.0
3008,2026-06-11,1907.0
3008,2026-06-12,1913.0
3008,2026-06-15,1991.0
3008,2026-06-16,2107.0
3008,2026-06-17,2016.0
3008,2026-06-18,2056.0
3008,2026-06-22,2021.0
3008,2026-06-23,1976.0
3008,2026-06-24,1858.0
3008,2026-06-25,2041.0
3008,2026-06-26,1667.0
3008,2026-06-29,1700.0
3008,2026-06-30,1743.0
3008,2026-07-01,1811.0
3008,2026-07-02,1858.0
3008,2026-07-03,1890.0
3008,2026-07-06,1871.0
3008,2026-07-07,1773.0
3008,2026-07-08,1859.0
3008,2026-07-09,1906.0
3008,2026-07-13,1860.0
3008,2026-07-14,1876.0
3026,2026-06-10,9038.0
3026,2026-06-11,8764.0
3026,2026-06-12,9041.0
3026,2026-06-15,9690.0
3026,2026-06-16,11221.0
3026,2026-06-17,11619.0
3026,2026-06-18,11216.0
3026,2026-06-22,10928.0
3026,2026-06-23,9819.0
3026,2026-06-24,9579.0
3026,2026-06-25,9475.0
3026,2026-06-26,9134.0
3026,2026-06-29,9082.0
3026,2026-06-30,9155.0
3026,2026-07-01,9134.0
3026,2026-07-02,9085.0
3026,2026-07-03,10659.0
3026,2026-07-06,10021.0
3026,2026-07-07,10032.0
3026,2026-07-08,9788.0
3026,2026-07-09,10404.0
3026,2026-07-13,9638.0
3026,2026-07-14,9880.0
3661,2026-06-10,5081.0
3661,2026-06-11,5086.0
3661,2026-06-12,5162.0
3661,2026-06-15,5218.0
3661,2026-06-16,5251.0
3661,2026-06-17,5322.0
3661,2026-06-18,5391.0
3661,2026-06-22,5531.0
3661,2026-06-23,5600.0
3661,2026-06-24,5626.0
3661,2026-06-25,5710.0
3661,2026-06-26,5738.0
3661,2026-06-29,5675.0
3661,2026-06-30,5721.0
3661,2026-07-01,5739.0
3661,2026-07-02,5899.0
3661,2026-07-03,6133.0
3661,2026-07-06,6190.0
3661,2026-07-07,6087.0
3661,2026-07-08,6197.0
3661,2026-07-09,6147.0
3661,2026-07-13,6203.0
3661,2026-07-14,6092.0
8299,2026-06-10,13425.0
8299,2026-06-11,13081.0
8299,2026-06-12,13469.0
8299,2026-06-15,13639.0
8299,2026-06-16,13521.0
8299,2026-06-17,13746.0
8299,2026-06-18,13919.0
8299,2026-06-22,14419.0
8299,2026-06-23,14081.0
8299,2026-06-24,13905.0
8299,2026-06-25,13895.0
8299,2026-06-26,13656.0
8299,2026-06-29,13546.0
8299,2026-06-30,13436.0
8299,2026-07-01,13535.0
8299,2026-07-02,13670.0
8299,2026-07-03,13552.0
8299,2026-07-06,13679.0
8299,2026-07-07,13655.0
8299,2026-07-08,13599.0
8299,2026-07-09,13339.0
8299,2026-07-13,13337.0
8299,2026-07-14,13093.0
1301,2026-06-10,17598.0
1301,2026-06-11,18618.0
1301,2026-06-12,18148.0
1301,2026-06-15,17653.0
1301,2026-06-16,17525.0
1301,2026-06-17,17335.0
1301,2026-06-18,18951.0
1301,2026-06-22,19070.0
1301,2026-06-23,19204.0
1301,2026-06-24,22794.0
1301,2026-06-25,25043.0
1301,2026-06-26,20906.0
1301,2026-06-29,20032.0
1301,2026-06-30,20337.0
1301,2026-07-01,20425.0
1301,2026-07-02,33231.0
1301,2026-07-03,29799.0
1301,2026-07-06,26101.0
1301,2026-07-07,24385.0
1301,2026-07-08,24855.0
1301,2026-07-09,24792.0
1301,2026-07-13,26443.0
1301,2026-07-14,27380.0
2382,2026-06-10,11372.0
2382,2026-06-11,11764.0
2382,2026-06-12,11389.0
2382,2026-06-15,11954.0
2382,2026-06-16,11817.0
2382,2026-06-17,11948.0
2382,2026-06-18,11677.0
2382,2026-06-22,11474.0
2382,2026-06-23,11855.0
2382,2026-06-24,11778.0
2382,2026-06-25,11863.0
2382,2026-06-26,11480.0
2382,2026-06-29,11158.0
2382,2026-06-30,11356.0
2382,2026-07-01,11477.0
2382,2026-07-02,11583.0
2382,2026-07-03,12442.0
2382,2026-07-06,12977.0
2382,2026-07-07,12605.0
2382,2026-07-08,12423.0
2382,2026-07-09,12362.0
2382,2026-07-13,11624.0
2382,2026-07-14,11633.0
1326,2026-06-10,13355.0
1326,2026-06-11,13679.0
1326,2026-06-12,13046.0
1326,2026-06-15,12878.0
1326,2026-06-16,11812.0
1326,2026-06-17,12230.0
1326,2026-06-18,11437.0
1326,2026-06-22,11784.0
1326,2026-06-23,12454.0
1326,2026-06-24,14822.0
1326,2026-06-25,17329.0
1326,2026-06-26,16240.0
1326,2026-06-29,16710.0
1326,2026-06-30,17411.0
1326,2026-07-01,19963.0
1326,2026-07-02,31932.0
1326,2026-07-03,34569.0
1326,2026-07-06,27170.0
1326,2026-07-07,27220.0
1326,2026-07-08,31030.0
1326,2026-07-09,30604.0
1326,2026-07-13,37213.0
1326,2026-07-14,34159.0
2492,2026-06-10,12448.0
2492,2026-06-11,12309.0
2492,2026-06-12,12353.0
2492,2026-06-15,12437.0
2492,2026-06-16,12179.0
2492,2026-06-17,11646.0
2492,2026-06-18,14371.0
2492,2026-06-22,12968.0
2492,2026-06-23,11630.0
2492,2026-06-24,11285.0
2492,2026-06-25,10931.0
2492,2026-06-26,10587.0
2492,2026-06-29,10550.0
2492,2026-06-30,10417.0
2492,2026-07-01,10087.0
2492,2026-07-02,10016.0
2492,2026-07-03,9985.0
2492,2026-07-06,9826.0
2492,2026-07-07,9322.0
2492,2026-07-08,9954.0
2492,2026-07-09,9982.0
2492,2026-07-13,9237.0
2492,2026-07-14,9215.0
2317,2026-06-10,45712.0
2317,2026-06-11,45701.0
2317,2026-06-12,45795.0
2317,2026-06-15,45185.0
2317,2026-06-16,44679.0
2317,2026-06-17,44732.0
2317,2026-06-18,45958.0
2317,2026-06-22,47053.0
2317,2026-06-23,47210.0
2317,2026-06-24,48168.0
2317,2026-06-25,48721.0
2317,2026-06-26,49037.0
2317,2026-06-29,52354.0
2317,2026-06-30,53496.0
2317,2026-07-01,54911.0
2317,2026-07-02,57164.0
2317,2026-07-03,57130.0
2317,2026-07-06,56410.0
2317,2026-07-07,57001.0
2317,2026-07-08,57212.0
2317,2026-07-09,57028.0
2317,2026-07-13,57032.0
2317,2026-07-14,57187.0
6274,2026-06-10,8827.0
6274,2026-06-11,8652.0
6274,2026-06-12,8946.0
6274,2026-06-15,8733.0
6274,2026-06-16,8906.0
6274,2026-06-17,9363.0
6274,2026-06-18,9184.0
6274,2026-06-22,9385.0
6274,2026-06-23,9025.0
6274,2026-06-24,9185.0
6274,2026-06-25,9408.0
6274,2026-06-26,9004.0
6274,2026-06-29,8591.0
6274,2026-06-30,8726.0
6274,2026-07-01,8419.0
6274,2026-07-02,7996.0
6274,2026-07-03,7791.0
6274,2026-07-06,7678.0
6274,2026-07-07,7287.0
6274,2026-07-08,7539.0
6274,2026-07-09,7597.0
6274,2026-07-13,7394.0
6274,2026-07-14,7449.0
8039,2026-06-10,14516.0
8039,2026-06-11,14271.0
8039,2026-06-12,14843.0
8039,2026-06-15,14394.0
8039,2026-06-16,13869.0
8039,2026-06-17,13961.0
8039,2026-06-18,14041.0
8039,2026-06-22,14023.0
8039,2026-06-23,13650.0
8039,2026-06-24,13663.0
8039,2026-06-25,13534.0
8039,2026-06-26,13278.0
8039,2026-06-29,13391.0
8039,2026-06-30,13550.0
8039,2026-07-01,12867.0
8039,2026-07-02,13065.0
8039,2026-07-03,13355.0
8039,2026-07-06,12991.0
8039,2026-07-07,12091.0
8039,2026-07-08,11940.0
8039,2026-07-09,13841.0
8039,2026-07-13,15774.0
8039,2026-07-14,16095.0
3532,2026-06-10,8331.0
3532,2026-06-11,8305.0
3532,2026-06-12,10354.0
3532,2026-06-15,11139.0
3532,2026-06-16,10851.0
3532,2026-06-17,10807.0
3532,2026-06-18,11112.0
3532,2026-06-22,10752.0
3532,2026-06-23,10508.0
3532,2026-06-24,10324.0
3532,2026-06-25,10256.0
3532,2026-06-26,9978.0
3532,2026-06-29,9883.0
3532,2026-06-30,9838.0
3532,2026-07-01,9571.0
3532,2026-07-02,9364.0
3532,2026-07-03,9340.0
3532,2026-07-06,10770.0
3532,2026-07-07,9967.0
3532,2026-07-08,9980.0
3532,2026-07-09,10538.0
3532,2026-07-13,10372.0
3532,2026-07-14,9563.0
2449,2026-06-10,25785.0
2449,2026-06-11,24198.0
2449,2026-06-12,23803.0
2449,2026-06-15,24825.0
2449,2026-06-16,25003.0
2449,2026-06-17,25364.0
2449,2026-06-18,25658.0
2449,2026-06-22,23676.0
2449,2026-06-23,20395.0
2449,2026-06-24,21695.0
2449,2026-06-25,20476.0
2449,2026-06-26,19498.0
2449,2026-06-29,20115.0
2449,2026-06-30,20964.0
2449,2026-07-01,20515.0
2449,2026-07-02,22142.0
2449,2026-07-03,22676.0
2449,2026-07-06,20520.0
2449,2026-07-07,20416.0
2449,2026-07-08,21101.0
2449,2026-07-09,21689.0
2449,2026-07-13,21632.0
2449,2026-07-14,20942.0
2383,2026-06-10,1847.0
2383,2026-06-11,1803.0
2383,2026-06-12,1980.0
2383,2026-06-15,1963.0
2383,2026-06-16,1879.0
2383,2026-06-17,1826.0
2383,2026-06-18,1724.0
2383,2026-06-22,1634.0
2383,2026-06-23,1648.0
2383,2026-06-24,1686.0
2383,2026-06-25,1646.0
2383,2026-06-26,1575.0
2383,2026-06-29,1578.0
2383,2026-06-30,1674.0
2383,2026-07-01,1804.0
2383,2026-07-02,1890.0
2383,2026-07-03,2032.0
2383,2026-07-06,2125.0
2383,2026-07-07,2080.0
2383,2026-07-08,1920.0
2383,2026-07-09,1924.0
2383,2026-07-13,1893.0
2383,2026-07-14,1765.0
5347,2026-06-10,15048.0
5347,2026-06-11,14373.0
5347,2026-06-12,14783.0
5347,2026-06-15,14977.0
5347,2026-06-16,14645.0
5347,2026-06-17,14777.0
5347,2026-06-18,14650.0
5347,2026-06-22,14927.0
5347,2026-06-23,16107.0
5347,2026-06-24,18258.0
5347,2026-06-25,17837.0
5347,2026-06-26,15425.0
5347,2026-06-29,16631.0
5347,2026-06-30,17512.0
5347,2026-07-01,17176.0
5347,2026-07-02,17049.0
5347,2026-07-03,17880.0
5347,2026-07-06,18778.0
5347,2026-07-07,18712.0
5347,2026-07-08,19292.0
5347,2026-07-09,19594.0
5347,2026-07-13,20288.0
5347,2026-07-14,18924.0
3443,2026-06-10,4134.0
3443,2026-06-11,4185.0
3443,2026-06-12,4290.0
3443,2026-06-15,4542.0
3443,2026-06-16,4650.0
3443,2026-06-17,4834.0
3443,2026-06-18,4886.0
3443,2026-06-22,4783.0
3443,2026-06-23,4638.0
3443,2026-06-24,4588.0
3443,2026-06-25,4540.0
3443,2026-06-26,4592.0
3443,2026-06-29,4561.0
3443,2026-06-30,4657.0
3443,2026-07-01,4597.0
3443,2026-07-02,4637.0
3443,2026-07-03,4671.0
3443,2026-07-06,4632.0
3443,2026-07-07,4462.0
3443,2026-07-08,4431.0
3443,2026-07-09,4443.0
3443,2026-07-13,4392.0
3443,2026-07-14,4331.0
8150,2026-06-10,20428.0
8150,2026-06-11,27446.0
8150,2026-06-12,22974.0
8150,2026-06-15,24676.0
8150,2026-06-16,25502.0
8150,2026-06-17,25626.0
8150,2026-06-18,29262.0
8150,2026-06-22,28819.0
8150,2026-06-23,26189.0
8150,2026-06-24,26038.0
8150,2026-06-25,25936.0
8150,2026-06-26,23308.0
8150,2026-06-29,23456.0
8150,2026-06-30,26694.0
8150,2026-07-01,23828.0
8150,2026-07-02,28231.0
8150,2026-07-03,28517.0
8150,2026-07-06,27267.0
8150,2026-07-07,24603.0
8150,2026-07-08,28794.0
8150,2026-07-09,32356.0
8150,2026-07-13,30144.0
8150,2026-07-14,28499.0
6213,2026-06-10,16668.0
6213,2026-06-11,16806.0
6213,2026-06-12,16210.0
6213,2026-06-15,15966.0
6213,2026-06-16,15901.0
6213,2026-06-17,15775.0
6213,2026-06-18,14194.0
6213,2026-06-22,14165.0
6213,2026-06-23,13047.0
6213,2026-06-24,14283.0
6213,2026-06-25,13960.0
6213,2026-06-26,13436.0
6213,2026-06-29,14170.0
6213,2026-06-30,15101.0
6213,2026-07-01,15028.0
6213,2026-07-02,14744.0
6213,2026-07-03,15544.0
6213,2026-07-06,15800.0
6213,2026-07-07,15409.0
6213,2026-07-08,17306.0
6213,2026-07-09,17517.0
6213,2026-07-13,16210.0
6213,2026-07-14,15041.0
3665,2026-06-10,3118.0
3665,2026-06-11,3131.0
3665,2026-06-12,3208.0
3665,2026-06-15,3228.0
3665,2026-06-16,3259.0
3665,2026-06-17,3297.0
3665,2026-06-18,3370.0
3665,2026-06-22,3730.0
3665,2026-06-23,3735.0
3665,2026-06-24,3675.0
3665,2026-06-25,3672.0
3665,2026-06-26,3505.0
3665,2026-06-29,3491.0
3665,2026-06-30,3541.0
3665,2026-07-01,3504.0
3665,2026-07-02,3496.0
3665,2026-07-03,3501.0
3665,2026-07-06,3574.0
3665,2026-07-07,3306.0
3665,2026-07-08,3380.0
3665,2026-07-09,3426.0
3665,2026-07-13,3419.0
3665,2026-07-14,3291.0
2059,2026-06-10,568.0
2059,2026-06-11,553.0
2059,2026-06-12,547.0
2059,2026-06-15,536.0
2059,2026-06-16,533.0
2059,2026-06-17,527.0
2059,2026-06-18,543.0
2059,2026-06-22,531.0
2059,2026-06-23,512.0
2059,2026-06-24,510.0
2059,2026-06-25,418.0
2059,2026-06-26,407.0
2059,2026-06-29,403.0
2059,2026-06-30,421.0
2059,2026-07-01,417.0
2059,2026-07-02,425.0
2059,2026-07-03,433.0
2059,2026-07-06,476.0
2059,2026-07-07,460.0
2059,2026-07-08,463.0
2059,2026-07-09,471.0
2059,2026-07-13,491.0
2059,2026-07-14,493.0
2409,2026-06-10,216008.0
2409,2026-06-11,218043.0
2409,2026-06-12,223390.0
2409,2026-06-15,226456.0
2409,2026-06-16,228491.0
2409,2026-06-17,255120.0
2409,2026-06-18,227975.0
2409,2026-06-22,259443.0
2409,2026-06-23,222295.0
2409,2026-06-24,227287.0
2409,2026-06-25,229295.0
2409,2026-06-26,222785.0
2409,2026-06-29,234303.0
2409,2026-06-30,235313.0
2409,2026-07-01,235748.0
2409,2026-07-02,244251.0
2409,2026-07-03,242107.0
2409,2026-07-06,232297.0
2409,2026-07-07,237208.0
2409,2026-07-08,237243.0
2409,2026-07-09,219350.0
2409,2026-07-13,223123.0
2409,2026-07-14,209316.0
3105,2026-06-10,45885.0
3105,2026-06-11,46339.0
3105,2026-06-12,46170.0
3105,2026-06-15,44385.0
3105,2026-06-16,44638.0
3105,2026-06-17,45624.0
3105,2026-06-18,44839.0
3105,2026-06-22,44868.0
3105,2026-06-23,44733.0
3105,2026-06-24,46553.0
3105,2026-06-25,46570.0
3105,2026-06-26,46233.0
3105,2026-06-29,45532.0
3105,2026-06-30,46319.0
3105,2026-07-01,46421.0
3105,2026-07-02,45891.0
3105,2026-07-03,46803.0
3105,2026-07-06,47007.0
3105,2026-07-07,47381.0
3105,2026-07-08,47262.0
3105,2026-07-09,47382.0
3105,2026-07-13,47644.0
3105,2026-07-14,45865.0
5274,2026-06-10,103.0
5274,2026-06-11,104.0
5274,2026-06-12,94.0
5274,2026-06-15,109.0
5274,2026-06-16,98.0
5274,2026-06-17,94.0
5274,2026-06-18,91.0
5274,2026-06-22,84.0
5274,2026-06-23,95.0
5274,2026-06-24,92.0
5274,2026-06-25,111.0
5274,2026-06-26,136.0
5274,2026-06-29,142.0
5274,2026-06-30,133.0
5274,2026-07-01,135.0
5274,2026-07-02,119.0
5274,2026-07-03,127.0
5274,2026-07-06,132.0
5274,2026-07-07,136.0
5274,2026-07-08,138.0
5274,2026-07-09,144.0
5274,2026-07-13,146.0
5274,2026-07-14,145.0
6239,2026-06-10,25168.0
6239,2026-06-11,28264.0
6239,2026-06-12,29797.0
6239,2026-06-15,31436.0
6239,2026-06-16,31160.0
6239,2026-06-17,29744.0
6239,2026-06-18,32977.0
6239,2026-06-22,32124.0
6239,2026-06-23,30471.0
6239,2026-06-24,29872.0
6239,2026-06-25,30501.0
6239,2026-06-26,28005.0
6239,2026-06-29,27058.0
6239,2026-06-30,27296.0
6239,2026-07-01,26581.0
6239,2026-07-02,26943.0
6239,2026-07-03,27691.0
6239,2026-07-06,27722.0
6239,2026-07-07,27119.0
6239,2026-07-08,27246.0
6239,2026-07-09,26914.0
6239,2026-07-13,26836.0
6239,2026-07-14,23849.0
3167,2026-06-10,11334.0
3167,2026-06-11,11607.0
3167,2026-06-12,11610.0
3167,2026-06-15,11445.0
3167,2026-06-16,11447.0
3167,2026-06-17,11386.0
3167,2026-06-18,11280.0
3167,2026-06-22,11220.0
3167,2026-06-23,11103.0
3167,2026-06-24,11027.0
3167,2026-06-25,10971.0
3167,2026-06-26,10910.0
3167,2026-06-29,10878.0
3167,2026-06-30,10835.0
3167,2026-07-01,10746.0
3167,2026-07-02,11073.0
3167,2026-07-03,11304.0
3167,2026-07-06,11117.0
3167,2026-07-07,11124.0
3167,2026-07-08,11348.0
3167,2026-07-09,11433.0
3167,2026-07-13,11699.0
3167,2026-07-14,12084.0
6147,2026-06-10,45411.0
6147,2026-06-11,43993.0
6147,2026-06-12,44816.0
6147,2026-06-15,46738.0
6147,2026-06-16,47625.0
6147,2026-06-17,46900.0
6147,2026-06-18,50961.0
6147,2026-06-22,51346.0
6147,2026-06-23,52587.0
6147,2026-06-24,54354.0
6147,2026-06-25,54303.0
6147,2026-06-26,49478.0
6147,2026-06-29,48128.0
6147,2026-06-30,49499.0
6147,2026-07-01,52002.0
6147,2026-07-02,53357.0
6147,2026-07-03,54284.0
6147,2026-07-06,56162.0
6147,2026-07-07,50603.0
6147,2026-07-08,49972.0
6147,2026-07-09,52183.0
6147,2026-07-13,52904.0
6147,2026-07-14,47132.0
2891,2026-06-10,3035.0
2891,2026-06-11,3087.0
2891,2026-06-12,2921.0
2891,2026-06-15,2819.0
2891,2026-06-16,2764.0
2891,2026-06-17,2926.0
2891,2026-06-18,3390.0
2891,2026-06-22,2949.0
2891,2026-06-23,3035.0
2891,2026-06-24,3249.0
2891,2026-06-25,3176.0
2891,2026-06-26,3263.0
2891,2026-06-29,3051.0
2891,2026-06-30,2916.0
2891,2026-07-01,2663.0
2891,2026-07-02,2715.0
2891,2026-07-03,2608.0
2891,2026-07-06,2628.0
2891,2026-07-07,3126.0
2891,2026-07-08,3275.0
2891,2026-07-09,4468.0
2891,2026-07-13,4776.0
2891,2026-07-14,3292.0
2368,2026-06-10,3553.0
2368,2026-06-11,3753.0
2368,2026-06-12,4122.0
2368,2026-06-15,4365.0
2368,2026-06-16,4179.0
2368,2026-06-17,4164.0
2368,2026-06-18,4260.0
2368,2026-06-22,4526.0
2368,2026-06-23,5324.0
2368,2026-06-24,5477.0
2368,2026-06-25,5568.0
2368,2026-06-26,5361.0
2368,2026-06-29,5266.0
2368,2026-06-30,5457.0
2368,2026-07-01,5484.0
2368,2026-07-02,5473.0
2368,2026-07-03,5696.0
2368,2026-07-06,6135.0
2368,2026-07-07,5867.0
2368,2026-07-08,5604.0
2368,2026-07-09,5426.0
2368,2026-07-13,5282.0
2368,2026-07-14,4976.0
2634,2026-06-10,22547.0
2634,2026-06-11,22372.0
2634,2026-06-12,22034.0
2634,2026-06-15,22148.0
2634,2026-06-16,22079.0
2634,2026-06-17,22021.0
2634,2026-06-18,21857.0
2634,2026-06-22,21905.0
2634,2026-06-23,21980.0
2634,2026-06-24,21985.0
2634,2026-06-25,22093.0
2634,2026-06-26,21988.0
2634,2026-06-29,22476.0
2634,2026-06-30,21672.0
2634,2026-07-01,22353.0
2634,2026-07-02,21989.0
2634,2026-07-03,22342.0
2634,2026-07-06,23363.0
2634,2026-07-07,22359.0
2634,2026-07-08,23322.0
2634,2026-07-09,22132.0
2634,2026-07-13,26497.0
2634,2026-07-14,27496.0
2345,2026-06-10,1489.0
2345,2026-06-11,1492.0
2345,2026-06-12,1541.0
2345,2026-06-15,1647.0
2345,2026-06-16,1649.0
2345,2026-06-17,1566.0
2345,2026-06-18,1692.0
2345,2026-06-22,1567.0
2345,2026-06-23,1657.0
2345,2026-06-24,1722.0
2345,2026-06-25,1704.0
2345,2026-06-26,1491.0
2345,2026-06-29,1528.0
2345,2026-06-30,1740.0
2345,2026-07-01,1843.0
2345,2026-07-02,1826.0
2345,2026-07-03,1878.0
2345,2026-07-06,1886.0
2345,2026-07-07,1779.0
2345,2026-07-08,1870.0
2345,2026-07-09,1821.0
2345,2026-07-13,1850.0
2345,2026-07-14,1623.0
6669,2026-06-10,1983.0
6669,2026-06-11,1939.0
6669,2026-06-12,1971.0
6669,2026-06-15,1941.0
6669,2026-06-16,1922.0
6669,2026-06-17,1929.0
6669,2026-06-18,1932.0
6669,2026-06-22,2086.0
6669,2026-06-23,2161.0
6669,2026-06-24,2168.0
6669,2026-06-25,2233.0
6669,2026-06-26,2085.0
6669,2026-06-29,2217.0
6669,2026-06-30,2270.0
6669,2026-07-01,2200.0
6669,2026-07-02,2185.0
6669,2026-07-03,2199.0
6669,2026-07-06,2157.0
6669,2026-07-07,2036.0
6669,2026-07-08,2064.0
6669,2026-07-09,2042.0
6669,2026-07-13,1975.0
6669,2026-07-14,1943.0
2404,2026-06-10,2649.0
2404,2026-06-11,2802.0
2404,2026-06-12,2846.0
2404,2026-06-15,2778.0
2404,2026-06-16,2891.0
2404,2026-06-17,2944.0
2404,2026-06-18,3052.0
2404,2026-06-22,2910.0
2404,2026-06-23,2792.0
2404,2026-06-24,2776.0
2404,2026-06-25,2570.0
2404,2026-06-26,2297.0
2404,2026-06-29,2398.0
2404,2026-06-30,2368.0
2404,2026-07-01,2331.0
2404,2026-07-02,2358.0
2404,2026-07-03,2487.0
2404,2026-07-06,2452.0
2404,2026-07-07,2412.0
2404,2026-07-08,2389.0
2404,2026-07-09,2404.0
2404,2026-07-13,2391.0
2404,2026-07-14,2260.0
6223,2026-06-10,1139.0
6223,2026-06-11,1110.0
6223,2026-06-12,1220.0
6223,2026-06-15,1209.0
6223,2026-06-16,1204.0
6223,2026-06-17,1212.0
6223,2026-06-18,1180.0
6223,2026-06-22,1169.0
6223,2026-06-23,1126.0
6223,2026-06-24,1094.0
6223,2026-06-25,1093.0
6223,2026-06-26,1016.0
6223,2026-06-29,1054.0
6223,2026-06-30,1099.0
6223,2026-07-01,1102.0
6223,2026-07-02,1008.0
6223,2026-07-03,1010.0
6223,2026-07-06,1036.0
6223,2026-07-07,1032.0
6223,2026-07-08,1050.0
6223,2026-07-09,990.0
6223,2026-07-13,1027.0
6223,2026-07-14,1032.0
3017,2026-06-10,4437.0
3017,2026-06-11,4474.0
3017,2026-06-12,4511.0
3017,2026-06-15,4545.0
3017,2026-06-16,4636.0
3017,2026-06-17,4752.0
3017,2026-06-18,4783.0
3017,2026-06-22,4734.0
3017,2026-06-23,4724.0
3017,2026-06-24,4671.0
3017,2026-06-25,4689.0
3017,2026-06-26,4920.0
3017,2026-06-29,4870.0
3017,2026-06-30,4546.0
3017,2026-07-01,4575.0
3017,2026-07-02,4447.0
3017,2026-07-03,4251.0
3017,2026-07-06,4317.0
3017,2026-07-07,4304.0
3017,2026-07-08,4439.0
3017,2026-07-09,4465.0
3017,2026-07-13,4543.0
3017,2026-07-14,4516.0
2360,2026-06-10,962.0
2360,2026-06-11,937.0
2360,2026-06-12,945.0
2360,2026-06-15,962.0
2360,2026-06-16,965.0
2360,2026-06-17,979.0
2360,2026-06-18,931.0
2360,2026-06-22,937.0
2360,2026-06-23,919.0
2360,2026-06-24,941.0
2360,2026-06-25,950.0
2360,2026-06-26,917.0
2360,2026-06-29,915.0
2360,2026-06-30,956.0
2360,2026-07-01,1097.0
2360,2026-07-02,1117.0
2360,2026-07-03,1149.0
2360,2026-07-06,1127.0
2360,2026-07-07,1089.0
2360,2026-07-08,1124.0
2360,2026-07-09,1158.0
2360,2026-07-13,1166.0
2360,2026-07-14,1067.0
6505,2026-06-10,10597.0
6505,2026-06-11,10694.0
6505,2026-06-12,10394.0
6505,2026-06-15,10299.0
6505,2026-06-16,10216.0
6505,2026-06-17,10330.0
6505,2026-06-18,10217.0
6505,2026-06-22,10389.0
6505,2026-06-23,10019.0
6505,2026-06-24,9616.0
6505,2026-06-25,9052.0
6505,2026-06-26,8765.0
6505,2026-06-29,8645.0
6505,2026-06-30,8645.0
6505,2026-07-01,9052.0
6505,2026-07-02,9075.0
6505,2026-07-03,9764.0
6505,2026-07-06,9211.0
6505,2026-07-07,8408.0
6505,2026-07-08,8727.0
6505,2026-07-09,8741.0
6505,2026-07-13,8301.0
6505,2026-07-14,9055.0
3260,2026-06-10,22503.0
3260,2026-06-11,22513.0
3260,2026-06-12,22780.0
3260,2026-06-15,23199.0
3260,2026-06-16,23793.0
3260,2026-06-17,24056.0
3260,2026-06-18,24035.0
3260,2026-06-22,24729.0
3260,2026-06-23,25201.0
3260,2026-06-24,25455.0
3260,2026-06-25,25318.0
3260,2026-06-26,25180.0
3260,2026-06-29,24950.0
3260,2026-06-30,25094.0
3260,2026-07-01,25241.0
3260,2026-07-02,25198.0
3260,2026-07-03,25234.0
3260,2026-07-06,25118.0
3260,2026-07-07,25026.0
3260,2026-07-08,24815.0
3260,2026-07-09,24702.0
3260,2026-07-13,24497.0
3260,2026-07-14,24098.0
7769,2026-06-10,86.0
7769,2026-06-11,87.0
7769,2026-06-12,103.0
7769,2026-06-15,144.0
7769,2026-06-16,137.0
7769,2026-06-17,149.0
7769,2026-06-18,205.0
7769,2026-06-22,221.0
7769,2026-06-23,232.0
7769,2026-06-24,238.0
7769,2026-06-25,248.0
7769,2026-06-26,240.0
7769,2026-06-29,235.0
7769,2026-06-30,256.0
7769,2026-07-01,248.0
7769,2026-07-02,253.0
7769,2026-07-03,270.0
7769,2026-07-06,267.0
7769,2026-07-07,249.0
7769,2026-07-08,252.0
7769,2026-07-09,306.0
7769,2026-07-13,257.0
7769,2026-07-14,266.0
3231,2026-06-10,41300.0
3231,2026-06-11,42131.0
3231,2026-06-12,41677.0
3231,2026-06-15,43929.0
3231,2026-06-16,44636.0
3231,2026-06-17,45024.0
3231,2026-06-18,46530.0
3231,2026-06-22,47165.0
3231,2026-06-23,46558.0
3231,2026-06-24,45857.0
3231,2026-06-25,46778.0
3231,2026-06-26,46649.0
3231,2026-06-29,47092.0
3231,2026-06-30,46862.0
3231,2026-07-01,45588.0
3231,2026-07-02,45927.0
3231,2026-07-03,45833.0
3231,2026-07-06,46266.0
3231,2026-07-07,44873.0
3231,2026-07-08,48958.0
3231,2026-07-09,48921.0
3231,2026-07-13,49088.0
3231,2026-07-14,48388.0
3450,2026-06-10,17885.0
3450,2026-06-11,17861.0
3450,2026-06-12,18166.0
3450,2026-06-15,18383.0
3450,2026-06-16,18452.0
3450,2026-06-17,18852.0
3450,2026-06-18,18864.0
3450,2026-06-22,19920.0
3450,2026-06-23,20376.0
3450,2026-06-24,20074.0
3450,2026-06-25,21058.0
3450,2026-06-26,20214.0
3450,2026-06-29,20147.0
3450,2026-06-30,20398.0
3450,2026-07-01,20434.0
3450,2026-07-02,20264.0
3450,2026-07-03,20346.0
3450,2026-07-06,20359.0
3450,2026-07-07,20213.0
3450,2026-07-08,20070.0
3450,2026-07-09,19158.0
3450,2026-07-13,19320.0
3450,2026-07-14,19357.0
5351,2026-06-10,15195.0
5351,2026-06-11,16249.0
5351,2026-06-12,15646.0
5351,2026-06-15,15721.0
5351,2026-06-16,15647.0
5351,2026-06-17,15753.0
5351,2026-06-18,15352.0
5351,2026-06-22,17121.0
5351,2026-06-23,15901.0
5351,2026-06-24,16257.0
5351,2026-06-25,16015.0
5351,2026-06-26,15415.0
5351,2026-06-29,15341.0
5351,2026-06-30,15642.0
5351,2026-07-01,15694.0
5351,2026-07-02,16051.0
5351,2026-07-03,16160.0
5351,2026-07-06,16926.0
5351,2026-07-07,14583.0
5351,2026-07-08,15501.0
5351,2026-07-09,16349.0
5351,2026-07-13,15406.0
5351,2026-07-14,15479.0
2881,2026-06-10,7424.0
2881,2026-06-11,7610.0
2881,2026-06-12,8504.0
2881,2026-06-15,7671.0
2881,2026-06-16,7770.0
2881,2026-06-17,8016.0
2881,2026-06-18,7900.0
2881,2026-06-22,7452.0
2881,2026-06-23,7016.0
2881,2026-06-24,7199.0
2881,2026-06-25,7112.0
2881,2026-06-26,7164.0
2881,2026-06-29,4766.0
2881,2026-06-30,6061.0
2881,2026-07-01,6418.0
2881,2026-07-02,7238.0
2881,2026-07-03,7184.0
2881,2026-07-06,7164.0
2881,2026-07-07,7354.0
2881,2026-07-08,7221.0
2881,2026-07-09,7479.0
2881,2026-07-13,7352.0
2881,2026-07-14,7524.0
2481,2026-06-10,12856.0
2481,2026-06-11,12411.0
2481,2026-06-12,11014.0
2481,2026-06-15,12511.0
2481,2026-06-16,12158.0
2481,2026-06-17,12314.0
2481,2026-06-18,13915.0
2481,2026-06-22,15221.0
2481,2026-06-23,12238.0
2481,2026-06-24,12929.0
2481,2026-06-25,13784.0
2481,2026-06-26,13385.0
2481,2026-06-29,13296.0
2481,2026-06-30,14442.0
2481,2026-07-01,13774.0
2481,2026-07-02,16481.0
2481,2026-07-03,15607.0
2481,2026-07-06,16875.0
2481,2026-07-07,14862.0
2481,2026-07-08,14911.0
2481,2026-07-09,14912.0
2481,2026-07-13,14247.0
2481,2026-07-14,13666.0
3189,2026-06-10,22208.0
3189,2026-06-11,22143.0
3189,2026-06-12,23178.0
3189,2026-06-15,23776.0
3189,2026-06-16,23256.0
3189,2026-06-17,23769.0
3189,2026-06-18,25075.0
3189,2026-06-22,24603.0
3189,2026-06-23,24621.0
3189,2026-06-24,23320.0
3189,2026-06-25,20437.0
3189,2026-06-26,19122.0
3189,2026-06-29,20480.0
3189,2026-06-30,21898.0
3189,2026-07-01,19454.0
3189,2026-07-02,20389.0
3189,2026-07-03,19948.0
3189,2026-07-06,19599.0
3189,2026-07-07,18753.0
3189,2026-07-08,18483.0
3189,2026-07-09,18587.0
3189,2026-07-13,18489.0
3189,2026-07-14,18254.0
6285,2026-06-10,16376.0
6285,2026-06-11,16672.0
6285,2026-06-12,17399.0
6285,2026-06-15,17118.0
6285,2026-06-16,17372.0
6285,2026-06-17,17745.0
6285,2026-06-18,17242.0
6285,2026-06-22,17750.0
6285,2026-06-23,17729.0
6285,2026-06-24,17599.0
6285,2026-06-25,17662.0
6285,2026-06-26,16757.0
6285,2026-06-29,16638.0
6285,2026-06-30,16156.0
6285,2026-07-01,16757.0
6285,2026-07-02,16680.0
6285,2026-07-03,16895.0
6285,2026-07-06,16893.0
6285,2026-07-07,16741.0
6285,2026-07-08,16499.0
6285,2026-07-09,16572.0
6285,2026-07-13,17034.0
6285,2026-07-14,16637.0
6139,2026-06-10,7261.0
6139,2026-06-11,7497.0
6139,2026-06-12,7459.0
6139,2026-06-15,7517.0
6139,2026-06-16,7173.0
6139,2026-06-17,7535.0
6139,2026-06-18,7742.0
6139,2026-06-22,7604.0
6139,2026-06-23,7590.0
6139,2026-06-24,7615.0
6139,2026-06-25,7173.0
6139,2026-06-26,6674.0
6139,2026-06-29,6462.0
6139,2026-06-30,6713.0
6139,2026-07-01,6979.0
6139,2026-07-02,6900.0
6139,2026-07-03,6690.0
6139,2026-07-06,6609.0
6139,2026-07-07,6626.0
6139,2026-07-08,6857.0
6139,2026-07-09,7136.0
6139,2026-07-13,7241.0
6139,2026-07-14,7379.0
3211,2026-06-10,9676.0
3211,2026-06-11,9719.0
3211,2026-06-12,9882.0
3211,2026-06-15,10094.0
3211,2026-06-16,10120.0
3211,2026-06-17,10210.0
3211,2026-06-18,10241.0
3211,2026-06-22,10078.0
3211,2026-06-23,10339.0
3211,2026-06-24,10198.0
3211,2026-06-25,10732.0
3211,2026-06-26,10970.0
3211,2026-06-29,10885.0
3211,2026-06-30,10777.0
3211,2026-07-01,10950.0
3211,2026-07-02,11562.0
3211,2026-07-03,11564.0
3211,2026-07-06,11771.0
3211,2026-07-07,12345.0
3211,2026-07-08,11503.0
3211,2026-07-09,10487.0
3211,2026-07-13,10218.0
3211,2026-07-14,10368.0
3081,2026-06-10,4620.0
3081,2026-06-11,4438.0
3081,2026-06-12,4565.0
3081,2026-06-15,4548.0
3081,2026-06-16,4591.0
3081,2026-06-17,4558.0
3081,2026-06-18,4566.0
3081,2026-06-22,4649.0
3081,2026-06-23,4653.0
3081,2026-06-24,4645.0
3081,2026-06-25,4643.0
3081,2026-06-26,4603.0
3081,2026-06-29,4550.0
3081,2026-06-30,4605.0
3081,2026-07-01,4619.0
3081,2026-07-02,4589.0
3081,2026-07-03,4711.0
3081,2026-07-06,4751.0
3081,2026-07-07,4642.0
3081,2026-07-08,4651.0
3081,2026-07-09,4617.0
3081,2026-07-13,4697.0
3081,2026-07-14,4468.0
3653,2026-06-10,2442.0
3653,2026-06-11,2506.0
3653,2026-06-12,2434.0
3653,2026-06-15,2388.0
3653,2026-06-16,2378.0
3653,2026-06-17,2273.0
3653,2026-06-18,2367.0
3653,2026-06-22,2373.0
3653,2026-06-23,2362.0
3653,2026-06-24,2504.0
3653,2026-06-25,2545.0
3653,2026-06-26,2382.0
3653,2026-06-29,2381.0
3653,2026-06-30,2433.0
3653,2026-07-01,2429.0
3653,2026-07-02,2425.0
3653,2026-07-03,2451.0
3653,2026-07-06,2513.0
3653,2026-07-07,2494.0
3653,2026-07-08,2496.0
3653,2026-07-09,2474.0
3653,2026-07-13,2428.0
3653,2026-07-14,2393.0
2603,2026-06-10,12300.0
2603,2026-06-11,12517.0
2603,2026-06-12,12795.0
2603,2026-06-15,13065.0
2603,2026-06-16,12949.0
2603,2026-06-17,14433.0
2603,2026-06-18,14575.0
2603,2026-06-22,14532.0
2603,2026-06-23,14827.0
2603,2026-06-24,15118.0
2603,2026-06-25,15159.0
2603,2026-06-26,15229.0
2603,2026-06-29,16428.0
2603,2026-06-30,16620.0
2603,2026-07-01,16250.0
2603,2026-07-02,16297.0
2603,2026-07-03,15645.0
2603,2026-07-06,15636.0
2603,2026-07-07,17406.0
2603,2026-07-08,16919.0
2603,2026-07-09,17045.0
2603,2026-07-13,16898.0
2603,2026-07-14,16794.0
3006,2026-06-10,20141.0
3006,2026-06-11,20279.0
3006,2026-06-12,20524.0
3006,2026-06-15,21167.0
3006,2026-06-16,21316.0
3006,2026-06-17,21523.0
3006,2026-06-18,21437.0
3006,2026-06-22,21529.0
3006,2026-06-23,20724.0
3006,2026-06-24,20995.0
3006,2026-06-25,21667.0
3006,2026-06-26,21256.0
3006,2026-06-29,21255.0
3006,2026-06-30,21526.0
3006,2026-07-01,21301.0
3006,2026-07-02,21321.0
3006,2026-07-03,22433.0
3006,2026-07-06,21698.0
3006,2026-07-07,21833.0
3006,2026-07-08,21711.0
3006,2026-07-09,21688.0
3006,2026-07-13,20918.0
3006,2026-07-14,20695.0
5289,2026-06-10,3758.0
5289,2026-06-11,4043.0
5289,2026-06-12,3984.0
5289,2026-06-15,3821.0
5289,2026-06-16,3750.0
5289,2026-06-17,3959.0
5289,2026-06-18,3821.0
5289,2026-06-22,3767.0
5289,2026-06-23,3755.0
5289,2026-06-24,3900.0
5289,2026-06-25,4007.0
5289,2026-06-26,3909.0
5289,2026-06-29,3955.0
5289,2026-06-30,4081.0
5289,2026-07-01,4222.0
5289,2026-07-02,4266.0
5289,2026-07-03,4518.0
5289,2026-07-06,4528.0
5289,2026-07-07,4408.0
5289,2026-07-08,4493.0
5289,2026-07-09,4534.0
5289,2026-07-13,4536.0
5289,2026-07-14,4323.0
2301,2026-06-10,16169.0
2301,2026-06-11,15372.0
2301,2026-06-12,15248.0
2301,2026-06-15,17291.0
2301,2026-06-16,17157.0
2301,2026-06-17,17197.0
2301,2026-06-18,18097.0
2301,2026-06-22,20419.0
2301,2026-06-23,19356.0
2301,2026-06-24,19238.0
2301,2026-06-25,19470.0
2301,2026-06-26,19716.0
2301,2026-06-29,19400.0
2301,2026-06-30,18973.0
2301,2026-07-01,18662.0
2301,2026-07-02,18635.0
2301,2026-07-03,18041.0
2301,2026-07-06,17590.0
2301,2026-07-07,17842.0
2301,2026-07-08,17952.0
2301,2026-07-09,17880.0
2301,2026-07-13,17385.0
2301,2026-07-14,17021.0
8096,2026-06-10,24475.0
8096,2026-06-11,25027.0
8096,2026-06-12,25902.0
8096,2026-06-15,26521.0
8096,2026-06-16,27060.0
8096,2026-06-17,26906.0
8096,2026-06-18,26871.0
8096,2026-06-22,27016.0
8096,2026-06-23,27392.0
8096,2026-06-24,27711.0
8096,2026-06-25,27986.0
8096,2026-06-26,27844.0
8096,2026-06-29,27912.0
8096,2026-06-30,28218.0
8096,2026-07-01,28347.0
8096,2026-07-02,28750.0
8096,2026-07-03,29121.0
8096,2026-07-06,29718.0
8096,2026-07-07,29897.0
8096,2026-07-08,30246.0
8096,2026-07-09,29879.0
8096,2026-07-13,30631.0
8096,2026-07-14,29717.0
6446,2026-06-10,8224.0
6446,2026-06-11,8336.0
6446,2026-06-12,8269.0
6446,2026-06-15,8160.0
6446,2026-06-16,8185.0
6446,2026-06-17,8170.0
6446,2026-06-18,8184.0
6446,2026-06-22,8087.0
6446,2026-06-23,8011.0
6446,2026-06-24,8128.0
6446,2026-06-25,8233.0
6446,2026-06-26,7897.0
6446,2026-06-29,7980.0
6446,2026-06-30,8086.0
6446,2026-07-01,7831.0
6446,2026-07-02,7935.0
6446,2026-07-03,7982.0
6446,2026-07-06,8067.0
6446,2026-07-07,8373.0
6446,2026-07-08,8535.0
6446,2026-07-09,8690.0
6446,2026-07-13,8666.0
6446,2026-07-14,8093.0
2887,2026-06-10,49120.0
2887,2026-06-11,49662.0
2887,2026-06-12,51888.0
2887,2026-06-15,46831.0
2887,2026-06-16,46791.0
2887,2026-06-17,46669.0
2887,2026-06-18,46780.0
2887,2026-06-22,46230.0
2887,2026-06-23,45430.0
2887,2026-06-24,45037.0
2887,2026-06-25,44196.0
2887,2026-06-26,43677.0
2887,2026-06-29,43480.0
2887,2026-06-30,43531.0
2887,2026-07-01,43289.0
2887,2026-07-02,43305.0
2887,2026-07-03,43305.0
2887,2026-07-06,44200.0
2887,2026-07-07,44326.0
2887,2026-07-08,41383.0
2887,2026-07-09,41631.0
2887,2026-07-13,42030.0
2887,2026-07-14,41343.0
2486,2026-06-10,21329.0
2486,2026-06-11,21470.0
2486,2026-06-12,21457.0
2486,2026-06-15,21698.0
2486,2026-06-16,21745.0
2486,2026-06-17,21991.0
2486,2026-06-18,22145.0
2486,2026-06-22,22881.0
2486,2026-06-23,22803.0
2486,2026-06-24,22584.0
2486,2026-06-25,22581.0
2486,2026-06-26,22300.0
2486,2026-06-29,22018.0
2486,2026-06-30,22436.0
2486,2026-07-01,22395.0
2486,2026-07-02,22317.0
2486,2026-07-03,23057.0
2486,2026-07-06,23058.0
2486,2026-07-07,23230.0
2486,2026-07-08,23322.0
2486,2026-07-09,24403.0
2486,2026-07-13,25055.0
2486,2026-07-14,24278.0
6442,2026-06-10,6405.0
6442,2026-06-11,6431.0
6442,2026-06-12,6453.0
6442,2026-06-15,6466.0
6442,2026-06-16,6434.0
6442,2026-06-17,6424.0
6442,2026-06-18,6436.0
6442,2026-06-22,6517.0
6442,2026-06-23,6462.0
6442,2026-06-24,6359.0
6442,2026-06-25,5614.0
6442,2026-06-26,5419.0
6442,2026-06-29,5204.0
6442,2026-06-30,5209.0
6442,2026-07-01,5223.0
6442,2026-07-02,5137.0
6442,2026-07-03,5169.0
6442,2026-07-06,5133.0
6442,2026-07-07,4948.0
6442,2026-07-08,4958.0
6442,2026-07-09,4928.0
6442,2026-07-13,4592.0
6442,2026-07-14,4351.0
2356,2026-06-10,30673.0
2356,2026-06-11,30382.0
2356,2026-06-12,31431.0
2356,2026-06-15,32155.0
2356,2026-06-16,31734.0
2356,2026-06-17,31792.0
2356,2026-06-18,32249.0
2356,2026-06-22,31592.0
2356,2026-06-23,30923.0
2356,2026-06-24,31248.0
2356,2026-06-25,31284.0
2356,2026-06-26,30615.0
2356,2026-06-29,30243.0
2356,2026-06-30,30060.0
2356,2026-07-01,30511.0
2356,2026-07-02,29903.0
2356,2026-07-03,30036.0
2356,2026-07-06,30406.0
2356,2026-07-07,29681.0
2356,2026-07-08,29460.0
2356,2026-07-09,33753.0
2356,2026-07-13,33911.0
2356,2026-07-14,31351.0
2357,2026-06-10,1550.0
2357,2026-06-11,1555.0
2357,2026-06-12,1625.0
2357,2026-06-15,1689.0
2357,2026-06-16,1723.0
2357,2026-06-17,1698.0
2357,2026-06-18,1855.0
2357,2026-06-22,1843.0
2357,2026-06-23,1920.0
2357,2026-06-24,1970.0
2357,2026-06-25,2014.0
2357,2026-06-26,2068.0
2357,2026-06-29,2081.0
2357,2026-06-30,2209.0
2357,2026-07-01,2568.0
2357,2026-07-02,2607.0
2357,2026-07-03,2569.0
2357,2026-07-06,2558.0
2357,2026-07-07,2572.0
2357,2026-07-08,2531.0
2357,2026-07-09,2523.0
2357,2026-07-13,2498.0
2357,2026-07-14,2457.0
2472,2026-06-10,14914.0
2472,2026-06-11,14382.0
2472,2026-06-12,14681.0
2472,2026-06-15,16255.0
2472,2026-06-16,14906.0
2472,2026-06-17,15409.0
2472,2026-06-18,15549.0
2472,2026-06-22,14162.0
2472,2026-06-23,13223.0
2472,2026-06-24,12621.0
2472,2026-06-25,12231.0
2472,2026-06-26,10685.0
2472,2026-06-29,10989.0
2472,2026-06-30,13255.0
2472,2026-07-01,12291.0
2472,2026-07-02,12154.0
2472,2026-07-03,13003.0
2472,2026-07-06,12354.0
2472,2026-07-07,10375.0
2472,2026-07-08,10162.0
2472,2026-07-09,10239.0
2472,2026-07-13,9889.0
2472,2026-07-14,7909.0
3702,2026-06-10,4473.0
3702,2026-06-11,4511.0
3702,2026-06-12,5437.0
3702,2026-06-15,5161.0
3702,2026-06-16,5512.0
3702,2026-06-17,5763.0
3702,2026-06-18,6268.0
3702,2026-06-22,5406.0
3702,2026-06-23,5448.0
3702,2026-06-24,5500.0
3702,2026-06-25,5472.0
3702,2026-06-26,5263.0
3702,2026-06-29,5965.0
3702,2026-06-30,6251.0
3702,2026-07-01,6030.0
3702,2026-07-02,6441.0
3702,2026-07-03,6301.0
3702,2026-07-06,6382.0
3702,2026-07-07,6355.0
3702,2026-07-08,6770.0
3702,2026-07-09,6636.0
3702,2026-07-13,6381.0
3702,2026-07-14,6371.0
8358,2026-06-10,15543.0
8358,2026-06-11,15307.0
8358,2026-06-12,15181.0
8358,2026-06-15,15112.0
8358,2026-06-16,14841.0
8358,2026-06-17,14569.0
8358,2026-06-18,14540.0
8358,2026-06-22,14896.0
8358,2026-06-23,15293.0
8358,2026-06-24,15249.0
8358,2026-06-25,15447.0
8358,2026-06-26,15326.0
8358,2026-06-29,15276.0
8358,2026-06-30,15510.0
8358,2026-07-01,15785.0
8358,2026-07-02,16018.0
8358,2026-07-03,16194.0
8358,2026-07-06,16220.0
8358,2026-07-07,15998.0
8358,2026-07-08,16051.0
8358,2026-07-09,16011.0
8358,2026-07-13,15930.0
8358,2026-07-14,15093.0
3374,2026-06-10,12967.0
3374,2026-06-11,12499.0
3374,2026-06-12,12451.0
3374,2026-06-15,12482.0
3374,2026-06-16,12199.0
3374,2026-06-17,12251.0
3374,2026-06-18,12501.0
3374,2026-06-22,12641.0
3374,2026-06-23,12757.0
3374,2026-06-24,13134.0
3374,2026-06-25,12912.0
3374,2026-06-26,12565.0
3374,2026-06-29,13167.0
3374,2026-06-30,14145.0
3374,2026-07-01,15954.0
3374,2026-07-02,17150.0
3374,2026-07-03,17372.0
3374,2026-07-06,17389.0
3374,2026-07-07,17985.0
3374,2026-07-08,19511.0
3374,2026-07-09,20211.0
3374,2026-07-13,22845.0
3374,2026-07-14,24852.0
4764,2026-06-10,7368.0
4764,2026-06-11,7135.0
4764,2026-06-12,7303.0
4764,2026-06-15,7654.0
4764,2026-06-16,8413.0
4764,2026-06-17,8812.0
4764,2026-06-18,8309.0
4764,2026-06-22,8484.0
4764,2026-06-23,8303.0
4764,2026-06-24,8266.0
4764,2026-06-25,7986.0
4764,2026-06-26,7673.0
4764,2026-06-29,7633.0
4764,2026-06-30,7621.0
4764,2026-07-01,7606.0
4764,2026-07-02,7579.0
4764,2026-07-03,7566.0
4764,2026-07-06,7567.0
4764,2026-07-07,7579.0
4764,2026-07-08,7670.0
4764,2026-07-09,8106.0
4764,2026-07-13,7932.0
4764,2026-07-14,7696.0
8028,2026-06-10,12882.0
8028,2026-06-11,12106.0
8028,2026-06-12,12374.0
8028,2026-06-15,12603.0
8028,2026-06-16,12615.0
8028,2026-06-17,12318.0
8028,2026-06-18,12058.0
8028,2026-06-22,11616.0
8028,2026-06-23,11457.0
8028,2026-06-24,10815.0
8028,2026-06-25,9449.0
8028,2026-06-26,8191.0
8028,2026-06-29,7120.0
8028,2026-06-30,8036.0
8028,2026-07-01,7538.0
8028,2026-07-02,7840.0
8028,2026-07-03,9526.0
8028,2026-07-06,9441.0
8028,2026-07-07,7219.0
8028,2026-07-08,6416.0
8028,2026-07-09,6338.0
8028,2026-07-13,6205.0
8028,2026-07-14,5737.0
5371,2026-06-10,19233.0
5371,2026-06-11,19243.0
5371,2026-06-12,19168.0
5371,2026-06-15,19197.0
5371,2026-06-16,19225.0
5371,2026-06-17,19280.0
5371,2026-06-18,19202.0
5371,2026-06-22,19195.0
5371,2026-06-23,18501.0
5371,2026-06-24,18484.0
5371,2026-06-25,18946.0
5371,2026-06-26,18957.0
5371,2026-06-29,19183.0
5371,2026-06-30,19748.0
5371,2026-07-01,19831.0
5371,2026-07-02,20442.0
5371,2026-07-03,22410.0
5371,2026-07-06,20717.0
5371,2026-07-07,19201.0
5371,2026-07-08,22851.0
5371,2026-07-09,22537.0
5371,2026-07-13,23425.0
5371,2026-07-14,24298.0
3090,2026-06-10,4831.0
3090,2026-06-11,5821.0
3090,2026-06-12,6825.0
3090,2026-06-15,7711.0
3090,2026-06-16,7325.0
3090,2026-06-17,7396.0
3090,2026-06-18,7103.0
3090,2026-06-22,6382.0
3090,2026-06-23,5876.0
3090,2026-06-24,5606.0
3090,2026-06-25,5476.0
3090,2026-06-26,5241.0
3090,2026-06-29,5152.0
3090,2026-06-30,5092.0
3090,2026-07-01,5124.0
3090,2026-07-02,5170.0
3090,2026-07-03,5041.0
3090,2026-07-06,5024.0
3090,2026-07-07,4594.0
3090,2026-07-08,4188.0
3090,2026-07-09,4529.0
3090,2026-07-13,4608.0
3090,2026-07-14,4547.0
2885,2026-06-10,2375.0
2885,2026-06-11,2466.0
2885,2026-06-12,2485.0
2885,2026-06-15,2008.0
2885,2026-06-16,1828.0
2885,2026-06-17,1824.0
2885,2026-06-18,1858.0
2885,2026-06-22,2077.0
2885,2026-06-23,2159.0
2885,2026-06-24,2435.0
2885,2026-06-25,2470.0
2885,2026-06-26,2286.0
2885,2026-06-29,2085.0
2885,2026-06-30,2343.0
2885,2026-07-01,3102.0
2885,2026-07-02,3081.0
2885,2026-07-03,2810.0
2885,2026-07-06,2831.0
2885,2026-07-07,2817.0
2885,2026-07-08,2809.0
2885,2026-07-09,2953.0
2885,2026-07-13,2406.0
2885,2026-07-14,2370.0
1802,2026-06-10,59663.0
1802,2026-06-11,57643.0
1802,2026-06-12,58217.0
1802,2026-06-15,57956.0
1802,2026-06-16,56555.0
1802,2026-06-17,56229.0
1802,2026-06-18,54249.0
1802,2026-06-22,57454.0
1802,2026-06-23,56278.0
1802,2026-06-24,56807.0
1802,2026-06-25,54994.0
1802,2026-06-26,54607.0
1802,2026-06-29,53302.0
1802,2026-06-30,52922.0
1802,2026-07-01,50587.0
1802,2026-07-02,51549.0
1802,2026-07-03,53119.0
1802,2026-07-06,53351.0
1802,2026-07-07,53193.0
1802,2026-07-08,51894.0
1802,2026-07-09,52280.0
1802,2026-07-13,53043.0
1802,2026-07-14,51346.0
2618,2026-06-10,41626.0
2618,2026-06-11,41768.0
2618,2026-06-12,43512.0
2618,2026-06-15,49527.0
2618,2026-06-16,52358.0
2618,2026-06-17,50020.0
2618,2026-06-18,46855.0
2618,2026-06-22,45835.0
2618,2026-06-23,44611.0
2618,2026-06-24,44705.0
2618,2026-06-25,44776.0
2618,2026-06-26,43330.0
2618,2026-06-29,43990.0
2618,2026-06-30,43496.0
2618,2026-07-01,42873.0
2618,2026-07-02,41716.0
2618,2026-07-03,41184.0
2618,2026-07-06,41076.0
2618,2026-07-07,29369.0
2618,2026-07-08,31001.0
2618,2026-07-09,31054.0
2618,2026-07-13,30664.0
2618,2026-07-14,30610.0
2379,2026-06-10,2729.0
2379,2026-06-11,2722.0
2379,2026-06-12,2869.0
2379,2026-06-15,2759.0
2379,2026-06-16,2703.0
2379,2026-06-17,2889.0
2379,2026-06-18,2848.0
2379,2026-06-22,2713.0
2379,2026-06-23,2732.0
2379,2026-06-24,2817.0
2379,2026-06-25,2901.0
2379,2026-06-26,2859.0
2379,2026-06-29,2850.0
2379,2026-06-30,3066.0
2379,2026-07-01,3111.0
2379,2026-07-02,3107.0
2379,2026-07-03,3195.0
2379,2026-07-06,3124.0
2379,2026-07-07,3156.0
2379,2026-07-08,3234.0
2379,2026-07-09,3179.0
2379,2026-07-13,3316.0
2379,2026-07-14,3260.0
3034,2026-06-10,3090.0
3034,2026-06-11,3084.0
3034,2026-06-12,3046.0
3034,2026-06-15,3021.0
3034,2026-06-16,2993.0
3034,2026-06-17,3445.0
3034,2026-06-18,3409.0
3034,2026-06-22,4167.0
3034,2026-06-23,3350.0
3034,2026-06-24,3364.0
3034,2026-06-25,3332.0
3034,2026-06-26,3368.0
3034,2026-06-29,3138.0
3034,2026-06-30,3324.0
3034,2026-07-01,3097.0
3034,2026-07-02,3045.0
3034,2026-07-03,3035.0
3034,2026-07-06,2970.0
3034,2026-07-07,2890.0
3034,2026-07-08,2813.0
3034,2026-07-09,2786.0
3034,2026-07-13,3037.0
3034,2026-07-14,3052.0
3033,2026-06-10,11650.0
3033,2026-06-11,11535.0
3033,2026-06-12,11440.0
3033,2026-06-15,11299.0
3033,2026-06-16,11207.0
3033,2026-06-17,11094.0
3033,2026-06-18,10636.0
3033,2026-06-22,10746.0
3033,2026-06-23,10871.0
3033,2026-06-24,10738.0
3033,2026-06-25,10557.0
3033,2026-06-26,10185.0
3033,2026-06-29,10335.0
3033,2026-06-30,10401.0
3033,2026-07-01,10196.0
3033,2026-07-02,10303.0
3033,2026-07-03,10291.0
3033,2026-07-06,10320.0
3033,2026-07-07,10281.0
3033,2026-07-08,10227.0
3033,2026-07-09,10356.0
3033,2026-07-13,9893.0
3033,2026-07-14,10526.0
3529,2026-06-10,1245.0
3529,2026-06-11,1185.0
3529,2026-06-12,1160.0
3529,2026-06-15,1171.0
3529,2026-06-16,1169.0
3529,2026-06-17,1183.0
3529,2026-06-18,1162.0
3529,2026-06-22,1137.0
3529,2026-06-23,1110.0
3529,2026-06-24,1086.0
3529,2026-06-25,1066.0
3529,2026-06-26,1012.0
3529,2026-06-29,1011.0
3529,2026-06-30,1021.0
3529,2026-07-01,1029.0
3529,2026-07-02,1030.0
3529,2026-07-03,1090.0
3529,2026-07-06,1080.0
3529,2026-07-07,1082.0
3529,2026-07-08,1042.0
3529,2026-07-09,1066.0
3529,2026-07-13,1086.0
3529,2026-07-14,973.0
3533,2026-06-10,588.0
3533,2026-06-11,581.0
3533,2026-06-12,598.0
3533,2026-06-15,611.0
3533,2026-06-16,622.0
3533,2026-06-17,601.0
3533,2026-06-18,633.0
3533,2026-06-22,635.0
3533,2026-06-23,621.0
3533,2026-06-24,607.0
3533,2026-06-25,605.0
3533,2026-06-26,593.0
3533,2026-06-29,574.0
3533,2026-06-30,610.0
3533,2026-07-01,602.0
3533,2026-07-02,600.0
3533,2026-07-03,609.0
3533,2026-07-06,607.0
3533,2026-07-07,632.0
3533,2026-07-08,605.0
3533,2026-07-09,617.0
3533,2026-07-13,615.0
3533,2026-07-14,630.0
1810,2026-06-10,19144.0
1810,2026-06-11,19203.0
1810,2026-06-12,18886.0
1810,2026-06-15,18606.0
1810,2026-06-16,18541.0
1810,2026-06-17,18635.0
1810,2026-06-18,18670.0
1810,2026-06-22,18834.0
1810,2026-06-23,18856.0
1810,2026-06-24,18908.0
1810,2026-06-25,18843.0
1810,2026-06-26,18822.0
1810,2026-06-29,18831.0
1810,2026-06-30,18770.0
1810,2026-07-01,18841.0
1810,2026-07-02,18895.0
1810,2026-07-03,21055.0
1810,2026-07-06,20245.0
1810,2026-07-07,21084.0
1810,2026-07-08,22419.0
1810,2026-07-09,21884.0
1810,2026-07-13,22709.0
1810,2026-07-14,23967.0
2882,2026-06-10,4790.0
2882,2026-06-11,4388.0
2882,2026-06-12,4556.0
2882,2026-06-15,4394.0
2882,2026-06-16,4712.0
2882,2026-06-17,4795.0
2882,2026-06-18,4265.0
2882,2026-06-22,3748.0
2882,2026-06-23,3787.0
2882,2026-06-24,3820.0
2882,2026-06-25,3671.0
2882,2026-06-26,3888.0
2882,2026-06-29,6864.0
2882,2026-06-30,5353.0
2882,2026-07-01,5010.0
2882,2026-07-02,5322.0
2882,2026-07-03,5568.0
2882,2026-07-06,5801.0
2882,2026-07-07,6283.0
2882,2026-07-08,6796.0
2882,2026-07-09,7033.0
2882,2026-07-13,6568.0
2882,2026-07-14,6490.0
3680,2026-06-10,3500.0
3680,2026-06-11,3449.0
3680,2026-06-12,3425.0
3680,2026-06-15,3433.0
3680,2026-06-16,3417.0
3680,2026-06-17,3438.0
3680,2026-06-18,3490.0
3680,2026-06-22,3583.0
3680,2026-06-23,3515.0
3680,2026-06-24,3576.0
3680,2026-06-25,3630.0
3680,2026-06-26,3577.0
3680,2026-06-29,3509.0
3680,2026-06-30,3632.0
3680,2026-07-01,3900.0
3680,2026-07-02,4042.0
3680,2026-07-03,3881.0
3680,2026-07-06,3921.0
3680,2026-07-07,3780.0
3680,2026-07-08,3785.0
3680,2026-07-09,3812.0
3680,2026-07-13,3874.0
3680,2026-07-14,3949.0
6531,2026-06-10,9359.0
6531,2026-06-11,8763.0
6531,2026-06-12,9026.0
6531,2026-06-15,8994.0
6531,2026-06-16,9156.0
6531,2026-06-17,9090.0
6531,2026-06-18,9465.0
6531,2026-06-22,9870.0
6531,2026-06-23,9092.0
6531,2026-06-24,9291.0
6531,2026-06-25,9527.0
6531,2026-06-26,9184.0
6531,2026-06-29,9009.0
6531,2026-06-30,9431.0
6531,2026-07-01,9622.0
6531,2026-07-02,9593.0
6531,2026-07-03,9603.0
6531,2026-07-06,9563.0
6531,2026-07-07,9030.0
6531,2026-07-08,9061.0
6531,2026-07-09,9237.0
6531,2026-07-13,9024.0
6531,2026-07-14,8288.0
6789,2026-06-10,8775.0
6789,2026-06-11,7946.0
6789,2026-06-12,7623.0
6789,2026-06-15,7619.0
6789,2026-06-16,7647.0
6789,2026-06-17,7634.0
6789,2026-06-18,7782.0
6789,2026-06-22,7704.0
6789,2026-06-23,7787.0
6789,2026-06-24,7898.0
6789,2026-06-25,7767.0
6789,2026-06-26,7286.0
6789,2026-06-29,7283.0
6789,2026-06-30,7320.0
6789,2026-07-01,7441.0
6789,2026-07-02,7500.0
6789,2026-07-03,7605.0
6789,2026-07-06,7574.0
6789,2026-07-07,7233.0
6789,2026-07-08,7243.0
6789,2026-07-09,7309.0
6789,2026-07-13,7468.0
6789,2026-07-14,6412.0
