stock_id,date,margin_balance
2454,2026-08-25,9354.0
2454,2026-08-26,9665.0
2454,2026-08-27,9660.0
2454,2026-08-28,9623.0
2454,2026-08-31,9599.0
2454,2026-09-01,9788.0
2454,2026-09-02,10759.0
2454,2026-09-03,10536.0
2454,2026-09-04,10520.0
2454,2026-09-07,10544.0
2454,2026-09-08,10320.0
2454,2026-09-09,10447.0
2454,2026-09-10,10434.0
2454,2026-09-11,10332.0
2454,2026-09-14,10300.0
2454,2026-09-15,10240.0
2454,2026-09-16,10325.0
2454,2026-09-17,10289.0
2454,2026-09-18,10533.0
2454,2026-09-21,10621.0
2454,2026-09-22,10358.0
2454,2026-09-23,10300.0
2454,2026-09-24,10770.0
2454,2026-09-29,10796.0
2330,2026-08-25,27969.0
2330,2026-08-26,27677.0
2330,2026-08-27,27670.0
2330,2026-08-28,27630.0
2330,2026-08-31,28063.0
2330,2026-09-01,27740.0
2330,2026-09-02,28476.0
2330,2026-09-03,28459.0
2330,2026-09-04,28381.0
2330,2026-09-07,27517.0
2330,2026-09-08,27577.0
2330,2026-09-09,27979.0
2330,2026-09-10,28474.0
2330,2026-09-11,28901.0
2330,2026-09-14,29214.0
2330,2026-09-15,29282.0
2330,2026-09-16,29766.0
2330,2026-09-17,29148.0
2330,2026-09-18,28763.0
2330,2026-09-21,28742.0
2330,2026-09-22,29525.0
2330,2026-09-23,28833.0
2330,2026-09-24,29707.0
2330,2026-09-29,30134.0
2308,2026-08-25,8353.0
2308,2026-08-26,8579.0
2308,2026-08-27,8555.0
2308,2026-08-28,8737.0
2308,2026-08-31,8542.0
2308,2026-09-01,8613.0
2308,2026-09-02,9365.0
2308,2026-09-03,9290.0
2308,2026-09-04,9106.0
2308,2026-09-07,9017.0
2308,2026-09-08,9154.0
2308,2026-09-09,9254.0
2308,2026-09-10,9893.0
2308,2026-09-11,9984.0
2308,2026-09-14,9954.0
2308,2026-09-15,9875.0
2308,2026-09-16,9990.0
2308,2026-09-17,10045.0
2308,2026-09-18,9981.0
2308,2026-09-21,10469.0
2308,2026-09-22,10902.0
2308,2026-09-23,10829.0
2308,2026-09-24,10934.0
2308,2026-09-29,10554.0
2327,2026-08-25,37453.0
2327,2026-08-26,37796.0
2327,2026-08-27,39022.0
2327,2026-08-28,40243.0
2327,2026-08-31,42300.0
2327,2026-09-01,41945.0
2327,2026-09-02,43199.0
2327,2026-09-03,42120.0
2327,2026-09-04,43305.0
2327,2026-09-07,48872.0
2327,2026-09-08,42662.0
2327,2026-09-09,43088.0
2327,2026-09-10,45537.0
2327,2026-09-11,43924.0
2327,2026-09-14,43477.0
2327,2026-09-15,43596.0
2327,2026-09-16,43651.0
2327,2026-09-17,43768.0
2327,2026-09-18,44788.0
2327,2026-09-21,45824.0
2327,2026-09-22,46786.0
2327,2026-09-23,47925.0
2327,2026-09-24,48111.0
2327,2026-09-29,50129.0
4958,2026-08-25,32511.0
4958,2026-08-26,32713.0
4958,2026-08-27,32459.0
4958,2026-08-28,32451.0
4958,2026-08-31,33851.0
4958,2026-09-01,33906.0
4958,2026-09-02,34612.0
4958,2026-09-03,34393.0
4958,2026-09-04,36463.0
4958,2026-09-07,34719.0
4958,2026-09-08,34481.0
4958,2026-09-09,34645.0
4958,2026-09-10,35417.0
4958,2026-09-11,34871.0
4958,2026-09-14,34241.0
4958,2026-09-15,34275.0
4958,2026-09-16,33945.0
4958,2026-09-17,34134.0
4958,2026-09-18,35749.0
4958,2026-09-21,36903.0
4958,2026-09-22,35329.0
4958,2026-09-23,37432.0
4958,2026-09-24,38381.0
4958,2026-09-29,37434.0
1303,2026-08-25,45616.0
1303,2026-08-26,47896.0
1303,2026-08-27,48176.0
1303,2026-08-28,48493.0
1303,2026-08-31,46965.0
1303,2026-09-01,48975.0
1303,2026-09-02,46407.0
1303,2026-09-03,41607.0
1303,2026-09-04,41730.0
1303,2026-09-07,39926.0
1303,2026-09-08,41230.0
1303,2026-09-09,41300.0
1303,2026-09-10,41588.0
1303,2026-09-11,40652.0
1303,2026-09-14,39768.0
1303,2026-09-15,39937.0
1303,2026-09-16,40673.0
1303,2026-09-17,38218.0
1303,2026-09-18,39635.0
1303,2026-09-21,38593.0
1303,2026-09-22,39184.0
1303,2026-09-23,39389.0
1303,2026-09-24,41217.0
1303,2026-09-29,37487.0
2409,2026-08-25,228232.0
2409,2026-08-26,229750.0
2409,2026-08-27,230081.0
2409,2026-08-28,231424.0
2409,2026-08-31,228170.0
2409,2026-09-01,232850.0
2409,2026-09-02,231550.0
2409,2026-09-03,237942.0
2409,2026-09-04,236800.0
2409,2026-09-07,248299.0
2409,2026-09-08,228187.0
2409,2026-09-09,240304.0
2409,2026-09-10,243053.0
2409,2026-09-11,257833.0
2409,2026-09-14,262535.0
2409,2026-09-15,253669.0
2409,2026-09-16,249237.0
2409,2026-09-17,242724.0
2409,2026-09-18,256920.0
2409,2026-09-21,265065.0
2409,2026-09-22,273959.0
2409,2026-09-23,303438.0
2409,2026-09-24,305332.0
2409,2026-09-29,277437.0
2303,2026-08-25,166400.0
2303,2026-08-26,169367.0
2303,2026-08-27,163665.0
2303,2026-08-28,160845.0
2303,2026-08-31,167996.0
2303,2026-09-01,184944.0
2303,2026-09-02,181692.0
2303,2026-09-03,167321.0
2303,2026-09-04,170213.0
2303,2026-09-07,178956.0
2303,2026-09-08,184581.0
2303,2026-09-09,200072.0
2303,2026-09-10,201658.0
2303,2026-09-11,194471.0
2303,2026-09-14,192786.0
2303,2026-09-15,193737.0
2303,2026-09-16,198616.0
2303,2026-09-17,207765.0
2303,2026-09-18,186966.0
2303,2026-09-21,186812.0
2303,2026-09-22,175731.0
2303,2026-09-23,171349.0
2303,2026-09-24,171581.0
2303,2026-09-29,181029.0
6213,2026-08-25,17121.0
6213,2026-08-26,19814.0
6213,2026-08-27,19816.0
6213,2026-08-28,20396.0
6213,2026-08-31,19763.0
6213,2026-09-01,19502.0
6213,2026-09-02,19358.0
6213,2026-09-03,18078.0
6213,2026-09-04,18507.0
6213,2026-09-07,18836.0
6213,2026-09-08,18501.0
6213,2026-09-09,18774.0
6213,2026-09-10,18797.0
6213,2026-09-11,18209.0
6213,2026-09-14,17698.0
6213,2026-09-15,17588.0
6213,2026-09-16,18603.0
6213,2026-09-17,20308.0
6213,2026-09-18,19623.0
6213,2026-09-21,19274.0
6213,2026-09-22,18658.0
6213,2026-09-23,18029.0
6213,2026-09-24,18560.0
6213,2026-09-29,18988.0
3189,2026-08-25,19108.0
3189,2026-08-26,18919.0
3189,2026-08-27,18624.0
3189,2026-08-28,19258.0
3189,2026-08-31,19774.0
3189,2026-09-01,21309.0
3189,2026-09-02,21178.0
3189,2026-09-03,21642.0
3189,2026-09-04,22035.0
3189,2026-09-07,22677.0
3189,2026-09-08,22657.0
3189,2026-09-09,22493.0
3189,2026-09-10,22134.0
3189,2026-09-11,22440.0
3189,2026-09-14,22829.0
3189,2026-09-15,22622.0
3189,2026-09-16,23342.0
3189,2026-09-17,23414.0
3189,2026-09-18,22515.0
3189,2026-09-21,23122.0
3189,2026-09-22,22197.0
3189,2026-09-23,21207.0
3189,2026-09-24,21364.0
3189,2026-09-29,21165.0
3017,2026-08-25,4248.0
3017,2026-08-26,4584.0
3017,2026-08-27,4546.0
3017,2026-08-28,4452.0
3017,2026-08-31,4396.0
3017,2026-09-01,4300.0
3017,2026-09-02,4209.0
3017,2026-09-03,4061.0
3017,2026-09-04,4111.0
3017,2026-09-07,4065.0
3017,2026-09-08,3919.0
3017,2026-09-09,3908.0
3017,2026-09-10,3830.0
3017,2026-09-11,3726.0
3017,2026-09-14,3677.0
3017,2026-09-15,3671.0
3017,2026-09-16,3706.0
3017,2026-09-17,3768.0
3017,2026-09-18,3763.0
3017,2026-09-21,3819.0
3017,2026-09-22,3824.0
3017,2026-09-23,3851.0
3017,2026-09-24,3853.0
3017,2026-09-29,4014.0
3016,2026-08-25,7461.0
3016,2026-08-26,7212.0
3016,2026-08-27,7266.0
3016,2026-08-28,7336.0
3016,2026-08-31,7494.0
3016,2026-09-01,7757.0
3016,2026-09-02,7843.0
3016,2026-09-03,7745.0
3016,2026-09-04,7785.0
3016,2026-09-07,7854.0
3016,2026-09-08,7998.0
3016,2026-09-09,8050.0
3016,2026-09-10,8020.0
3016,2026-09-11,8243.0
3016,2026-09-14,9926.0
3016,2026-09-15,9775.0
3016,2026-09-16,10131.0
3016,2026-09-17,11382.0
3016,2026-09-18,11686.0
3016,2026-09-21,11560.0
3016,2026-09-22,12588.0
3016,2026-09-23,13767.0
3016,2026-09-24,11776.0
3016,2026-09-29,11068.0
2408,2026-08-25,68015.0
2408,2026-08-26,67612.0
2408,2026-08-27,63966.0
2408,2026-08-28,64983.0
2408,2026-08-31,65242.0
2408,2026-09-01,69541.0
2408,2026-09-02,69630.0
2408,2026-09-03,69700.0
2408,2026-09-04,70060.0
2408,2026-09-07,69416.0
2408,2026-09-08,66152.0
2408,2026-09-09,66409.0
2408,2026-09-10,67277.0
2408,2026-09-11,66764.0
2408,2026-09-14,65289.0
2408,2026-09-15,65592.0
2408,2026-09-16,64851.0
2408,2026-09-17,64695.0
2408,2026-09-18,62947.0
2408,2026-09-21,62973.0
2408,2026-09-22,64942.0
2408,2026-09-23,61723.0
2408,2026-09-24,63339.0
2408,2026-09-29,63373.0
3037,2026-08-25,36031.0
3037,2026-08-26,37413.0
3037,2026-08-27,36355.0
3037,2026-08-28,35671.0
3037,2026-08-31,35683.0
3037,2026-09-01,35502.0
3037,2026-09-02,35277.0
3037,2026-09-03,34936.0
3037,2026-09-04,35511.0
3037,2026-09-07,35134.0
3037,2026-09-08,34844.0
3037,2026-09-09,34394.0
3037,2026-09-10,34435.0
3037,2026-09-11,34399.0
3037,2026-09-14,34471.0
3037,2026-09-15,34286.0
3037,2026-09-16,34342.0
3037,2026-09-17,34345.0
3037,2026-09-18,33790.0
3037,2026-09-21,33762.0
3037,2026-09-22,33405.0
3037,2026-09-23,32490.0
3037,2026-09-24,32653.0
3037,2026-09-29,32870.0
8046,2026-08-25,10064.0
8046,2026-08-26,10359.0
8046,2026-08-27,10599.0
8046,2026-08-28,10629.0
8046,2026-08-31,10167.0
8046,2026-09-01,10469.0
8046,2026-09-02,10430.0
8046,2026-09-03,11110.0
8046,2026-09-04,10635.0
8046,2026-09-07,10756.0
8046,2026-09-08,10716.0
8046,2026-09-09,10296.0
8046,2026-09-10,10390.0
8046,2026-09-11,10173.0
8046,2026-09-14,10215.0
8046,2026-09-15,10032.0
8046,2026-09-16,10040.0
8046,2026-09-17,10144.0
8046,2026-09-18,10135.0
8046,2026-09-21,11210.0
8046,2026-09-22,10216.0
8046,2026-09-23,9909.0
8046,2026-09-24,10329.0
8046,2026-09-29,10034.0
3653,2026-08-25,2882.0
3653,2026-08-26,2992.0
3653,2026-08-27,3053.0
3653,2026-08-28,3088.0
3653,2026-08-31,3109.0
3653,2026-09-01,3127.0
3653,2026-09-02,3047.0
3653,2026-09-03,2970.0
3653,2026-09-04,2989.0
3653,2026-09-07,2987.0
3653,2026-09-08,2959.0
3653,2026-09-09,2917.0
3653,2026-09-10,2903.0
3653,2026-09-11,2894.0
3653,2026-09-14,2854.0
3653,2026-09-15,2834.0
3653,2026-09-16,2832.0
3653,2026-09-17,2775.0
3653,2026-09-18,2795.0
3653,2026-09-21,2803.0
3653,2026-09-22,2878.0
3653,2026-09-23,2777.0
3653,2026-09-24,2999.0
3653,2026-09-29,3059.0
3665,2026-08-25,3056.0
3665,2026-08-26,3182.0
3665,2026-08-27,3181.0
3665,2026-08-28,3079.0
3665,2026-08-31,2978.0
3665,2026-09-01,3070.0
3665,2026-09-02,3467.0
3665,2026-09-03,3497.0
3665,2026-09-04,3487.0
3665,2026-09-07,3589.0
3665,2026-09-08,3522.0
3665,2026-09-09,3621.0
3665,2026-09-10,3583.0
3665,2026-09-11,3621.0
3665,2026-09-14,3871.0
3665,2026-09-15,4096.0
3665,2026-09-16,4159.0
3665,2026-09-17,4253.0
3665,2026-09-18,4253.0
3665,2026-09-21,4433.0
3665,2026-09-22,4675.0
3665,2026-09-23,5057.0
3665,2026-09-24,4966.0
3665,2026-09-29,4616.0
3008,2026-08-25,3114.0
3008,2026-08-26,3233.0
3008,2026-08-27,3673.0
3008,2026-08-28,4033.0
3008,2026-08-31,4254.0
3008,2026-09-01,4128.0
3008,2026-09-02,4135.0
3008,2026-09-03,4166.0
3008,2026-09-04,3904.0
3008,2026-09-07,4120.0
3008,2026-09-08,4425.0
3008,2026-09-09,4374.0
3008,2026-09-10,4275.0
3008,2026-09-11,4243.0
3008,2026-09-14,3863.0
3008,2026-09-15,3847.0
3008,2026-09-16,3909.0
3008,2026-09-17,3904.0
3008,2026-09-18,4064.0
3008,2026-09-21,4084.0
3008,2026-09-22,4147.0
3008,2026-09-23,4189.0
3008,2026-09-24,4320.0
3008,2026-09-29,4187.0
2383,2026-08-25,1755.0
2383,2026-08-26,1829.0
2383,2026-08-27,1949.0
2383,2026-08-28,1937.0
2383,2026-08-31,1958.0
2383,2026-09-01,2011.0
2383,2026-09-02,2040.0
2383,2026-09-03,2055.0
2383,2026-09-04,2137.0
2383,2026-09-07,2073.0
2383,2026-09-08,2083.0
2383,2026-09-09,2095.0
2383,2026-09-10,2108.0
2383,2026-09-11,2098.0
2383,2026-09-14,2076.0
2383,2026-09-15,2060.0
2383,2026-09-16,2077.0
2383,2026-09-17,2343.0
2383,2026-09-18,2303.0
2383,2026-09-21,2307.0
2383,2026-09-22,2339.0
2383,2026-09-23,2334.0
2383,2026-09-24,2387.0
2383,2026-09-29,2494.0
2368,2026-08-25,7042.0
2368,2026-08-26,7170.0
2368,2026-08-27,7216.0
2368,2026-08-28,7510.0
2368,2026-08-31,7460.0
2368,2026-09-01,8560.0
2368,2026-09-02,8591.0
2368,2026-09-03,8016.0
2368,2026-09-04,7890.0
2368,2026-09-07,8787.0
2368,2026-09-08,8864.0
2368,2026-09-09,8908.0
2368,2026-09-10,9017.0
2368,2026-09-11,8681.0
2368,2026-09-14,8467.0
2368,2026-09-15,8562.0
2368,2026-09-16,8568.0
2368,2026-09-17,9272.0
2368,2026-09-18,10122.0
2368,2026-09-21,10374.0
2368,2026-09-22,11135.0
2368,2026-09-23,11485.0
2368,2026-09-24,12627.0
2368,2026-09-29,13018.0
3711,2026-08-25,11753.0
3711,2026-08-26,11982.0
3711,2026-08-27,11815.0
3711,2026-08-28,12983.0
3711,2026-08-31,14035.0
3711,2026-09-01,13015.0
3711,2026-09-02,13528.0
3711,2026-09-03,12972.0
3711,2026-09-04,13404.0
3711,2026-09-07,11812.0
3711,2026-09-08,11666.0
3711,2026-09-09,10945.0
3711,2026-09-10,10380.0
3711,2026-09-11,10946.0
3711,2026-09-14,10925.0
3711,2026-09-15,11418.0
3711,2026-09-16,11173.0
3711,2026-09-17,10895.0
3711,2026-09-18,11114.0
3711,2026-09-21,10233.0
3711,2026-09-22,9537.0
3711,2026-09-23,9207.0
3711,2026-09-24,9012.0
3711,2026-09-29,8950.0
2492,2026-08-25,16423.0
2492,2026-08-26,16532.0
2492,2026-08-27,17503.0
2492,2026-08-28,16533.0
2492,2026-08-31,16518.0
2492,2026-09-01,16676.0
2492,2026-09-02,16280.0
2492,2026-09-03,16157.0
2492,2026-09-04,15597.0
2492,2026-09-07,16559.0
2492,2026-09-08,16041.0
2492,2026-09-09,16508.0
2492,2026-09-10,18370.0
2492,2026-09-11,18515.0
2492,2026-09-14,18592.0
2492,2026-09-15,18174.0
2492,2026-09-16,17783.0
2492,2026-09-17,18493.0
2492,2026-09-18,18133.0
2492,2026-09-21,18456.0
2492,2026-09-22,17939.0
2492,2026-09-23,18492.0
2492,2026-09-24,18364.0
2492,2026-09-29,20024.0
6274,2026-08-25,10467.0
6274,2026-08-26,10883.0
6274,2026-08-27,11133.0
6274,2026-08-28,11140.0
6274,2026-08-31,10986.0
6274,2026-09-01,11125.0
6274,2026-09-02,10971.0
6274,2026-09-03,10870.0
6274,2026-09-04,10798.0
6274,2026-09-07,10866.0
6274,2026-09-08,11012.0
6274,2026-09-09,11328.0
6274,2026-09-10,11580.0
6274,2026-09-11,11645.0
6274,2026-09-14,11711.0
6274,2026-09-15,11858.0
6274,2026-09-16,12194.0
6274,2026-09-17,13116.0
6274,2026-09-18,13383.0
6274,2026-09-21,14349.0
6274,2026-09-22,13904.0
6274,2026-09-23,14050.0
6274,2026-09-24,14751.0
6274,2026-09-29,14926.0
2449,2026-08-25,20471.0
2449,2026-08-26,20556.0
2449,2026-08-27,20396.0
2449,2026-08-28,21492.0
2449,2026-08-31,22418.0
2449,2026-09-01,23317.0
2449,2026-09-02,24113.0
2449,2026-09-03,24351.0
2449,2026-09-04,25163.0
2449,2026-09-07,24044.0
2449,2026-09-08,23751.0
2449,2026-09-09,23619.0
2449,2026-09-10,23252.0
2449,2026-09-11,23190.0
2449,2026-09-14,22759.0
2449,2026-09-15,22891.0
2449,2026-09-16,23086.0
2449,2026-09-17,22913.0
2449,2026-09-18,23498.0
2449,2026-09-21,24320.0
2449,2026-09-22,24238.0
2449,2026-09-23,24011.0
2449,2026-09-24,23826.0
2449,2026-09-29,23964.0
6488,2026-08-25,11547.0
6488,2026-08-26,12121.0
6488,2026-08-27,11604.0
6488,2026-08-28,12304.0
6488,2026-08-31,12290.0
6488,2026-09-01,11957.0
6488,2026-09-02,11949.0
6488,2026-09-03,12009.0
6488,2026-09-04,11906.0
6488,2026-09-07,11879.0
6488,2026-09-08,12179.0
6488,2026-09-09,12220.0
6488,2026-09-10,12449.0
6488,2026-09-11,12317.0
6488,2026-09-14,12123.0
6488,2026-09-15,12178.0
6488,2026-09-16,12362.0
6488,2026-09-17,12621.0
6488,2026-09-18,13030.0
6488,2026-09-21,12973.0
6488,2026-09-22,13797.0
6488,2026-09-23,15551.0
6488,2026-09-24,15893.0
6488,2026-09-29,16064.0
3443,2026-08-25,4763.0
3443,2026-08-26,4854.0
3443,2026-08-27,4833.0
3443,2026-08-28,4860.0
3443,2026-08-31,4772.0
3443,2026-09-01,4917.0
3443,2026-09-02,4810.0
3443,2026-09-03,4765.0
3443,2026-09-04,4737.0
3443,2026-09-07,4799.0
3443,2026-09-08,4742.0
3443,2026-09-09,4704.0
3443,2026-09-10,4721.0
3443,2026-09-11,4751.0
3443,2026-09-14,4768.0
3443,2026-09-15,4658.0
3443,2026-09-16,4699.0
3443,2026-09-17,4722.0
3443,2026-09-18,4990.0
3443,2026-09-21,5020.0
3443,2026-09-22,5063.0
3443,2026-09-23,4890.0
3443,2026-09-24,4948.0
3443,2026-09-29,4904.0
6182,2026-08-25,65482.0
6182,2026-08-26,64926.0
6182,2026-08-27,64823.0
6182,2026-08-28,66402.0
6182,2026-08-31,64965.0
6182,2026-09-01,65083.0
6182,2026-09-02,66349.0
6182,2026-09-03,66007.0
6182,2026-09-04,66241.0
6182,2026-09-07,66141.0
6182,2026-09-08,66824.0
6182,2026-09-09,66650.0
6182,2026-09-10,66135.0
6182,2026-09-11,64501.0
6182,2026-09-14,62540.0
6182,2026-09-15,64317.0
6182,2026-09-16,64790.0
6182,2026-09-17,63556.0
6182,2026-09-18,64450.0
6182,2026-09-21,64424.0
6182,2026-09-22,66006.0
6182,2026-09-23,70125.0
6182,2026-09-24,66259.0
6182,2026-09-29,74017.0
8996,2026-08-25,5830.0
8996,2026-08-26,5928.0
8996,2026-08-27,6363.0
8996,2026-08-28,6238.0
8996,2026-08-31,6168.0
8996,2026-09-01,6321.0
8996,2026-09-02,6783.0
8996,2026-09-03,6581.0
8996,2026-09-04,6831.0
8996,2026-09-07,7611.0
8996,2026-09-08,7919.0
8996,2026-09-09,7414.0
8996,2026-09-10,7902.0
8996,2026-09-11,7809.0
8996,2026-09-14,8341.0
8996,2026-09-15,8301.0
8996,2026-09-16,8275.0
8996,2026-09-17,8522.0
8996,2026-09-18,8882.0
8996,2026-09-21,8758.0
8996,2026-09-22,8672.0
8996,2026-09-23,8429.0
8996,2026-09-24,8608.0
8996,2026-09-29,9222.0
2344,2026-08-25,119339.0
2344,2026-08-26,117123.0
2344,2026-08-27,115877.0
2344,2026-08-28,121721.0
2344,2026-08-31,118366.0
2344,2026-09-01,126982.0
2344,2026-09-02,125408.0
2344,2026-09-03,124727.0
2344,2026-09-04,124669.0
2344,2026-09-07,121793.0
2344,2026-09-08,114231.0
2344,2026-09-09,122116.0
2344,2026-09-10,121990.0
2344,2026-09-11,122862.0
2344,2026-09-14,123988.0
2344,2026-09-15,123555.0
2344,2026-09-16,121499.0
2344,2026-09-17,125398.0
2344,2026-09-18,122506.0
2344,2026-09-21,123826.0
2344,2026-09-22,121740.0
2344,2026-09-23,121319.0
2344,2026-09-24,123000.0
2344,2026-09-29,122381.0
2317,2026-08-25,53601.0
2317,2026-08-26,53890.0
2317,2026-08-27,52603.0
2317,2026-08-28,53057.0
2317,2026-08-31,53450.0
2317,2026-09-01,52956.0
2317,2026-09-02,54120.0
2317,2026-09-03,54027.0
2317,2026-09-04,54095.0
2317,2026-09-07,53612.0
2317,2026-09-08,54570.0
2317,2026-09-09,54493.0
2317,2026-09-10,54740.0
2317,2026-09-11,53699.0
2317,2026-09-14,53430.0
2317,2026-09-15,53544.0
2317,2026-09-16,53890.0
2317,2026-09-17,53473.0
2317,2026-09-18,55088.0
2317,2026-09-21,55741.0
2317,2026-09-22,55875.0
2317,2026-09-23,56442.0
2317,2026-09-24,58103.0
2317,2026-09-29,57920.0
3529,2026-08-25,1496.0
3529,2026-08-26,1584.0
3529,2026-08-27,1555.0
3529,2026-08-28,1618.0
3529,2026-08-31,1832.0
3529,2026-09-01,2010.0
3529,2026-09-02,1894.0
3529,2026-09-03,1909.0
3529,2026-09-04,1959.0
3529,2026-09-07,2050.0
3529,2026-09-08,2064.0
3529,2026-09-09,2115.0
3529,2026-09-10,2112.0
3529,2026-09-11,2090.0
3529,2026-09-14,2028.0
3529,2026-09-15,1988.0
3529,2026-09-16,1995.0
3529,2026-09-17,1997.0
3529,2026-09-18,2012.0
3529,2026-09-21,2041.0
3529,2026-09-22,2127.0
3529,2026-09-23,1991.0
3529,2026-09-24,1937.0
3529,2026-09-29,1965.0
3105,2026-08-25,44062.0
3105,2026-08-26,42911.0
3105,2026-08-27,43897.0
3105,2026-08-28,43627.0
3105,2026-08-31,45862.0
3105,2026-09-01,44477.0
3105,2026-09-02,46718.0
3105,2026-09-03,46424.0
3105,2026-09-04,48138.0
3105,2026-09-07,48626.0
3105,2026-09-08,48592.0
3105,2026-09-09,47516.0
3105,2026-09-10,47648.0
3105,2026-09-11,47517.0
3105,2026-09-14,46751.0
3105,2026-09-15,46491.0
3105,2026-09-16,47007.0
3105,2026-09-17,46657.0
3105,2026-09-18,46432.0
3105,2026-09-21,46381.0
3105,2026-09-22,46219.0
3105,2026-09-23,45989.0
3105,2026-09-24,45247.0
3105,2026-09-29,45519.0
2345,2026-08-25,1870.0
2345,2026-08-26,1996.0
2345,2026-08-27,2014.0
2345,2026-08-28,2114.0
2345,2026-08-31,2219.0
2345,2026-09-01,2345.0
2345,2026-09-02,2343.0
2345,2026-09-03,2326.0
2345,2026-09-04,2322.0
2345,2026-09-07,2329.0
2345,2026-09-08,2718.0
2345,2026-09-09,2597.0
2345,2026-09-10,2647.0
2345,2026-09-11,2588.0
2345,2026-09-14,2597.0
2345,2026-09-15,2633.0
2345,2026-09-16,2690.0
2345,2026-09-17,2722.0
2345,2026-09-18,2854.0
2345,2026-09-21,2916.0
2345,2026-09-22,3127.0
2345,2026-09-23,3309.0
2345,2026-09-24,3297.0
2345,2026-09-29,3442.0
3042,2026-08-25,14264.0
3042,2026-08-26,14518.0
3042,2026-08-27,14115.0
3042,2026-08-28,14967.0
3042,2026-08-31,13594.0
3042,2026-09-01,13894.0
3042,2026-09-02,13741.0
3042,2026-09-03,12724.0
3042,2026-09-04,12858.0
3042,2026-09-07,12577.0
3042,2026-09-08,12769.0
3042,2026-09-09,12152.0
3042,2026-09-10,13510.0
3042,2026-09-11,13236.0
3042,2026-09-14,12913.0
3042,2026-09-15,13393.0
3042,2026-09-16,13908.0
3042,2026-09-17,13919.0
3042,2026-09-18,12968.0
3042,2026-09-21,12716.0
3042,2026-09-22,12110.0
3042,2026-09-23,17353.0
3042,2026-09-24,18528.0
3042,2026-09-29,20009.0
8358,2026-08-25,22906.0
8358,2026-08-26,23812.0
8358,2026-08-27,25215.0
8358,2026-08-28,24810.0
8358,2026-08-31,25139.0
8358,2026-09-01,25930.0
8358,2026-09-02,25741.0
8358,2026-09-03,25425.0
8358,2026-09-04,25351.0
8358,2026-09-07,25574.0
8358,2026-09-08,25285.0
8358,2026-09-09,25371.0
8358,2026-09-10,25712.0
8358,2026-09-11,25577.0
8358,2026-09-14,27464.0
8358,2026-09-15,27493.0
8358,2026-09-16,27072.0
8358,2026-09-17,27859.0
8358,2026-09-18,27136.0
8358,2026-09-21,26669.0
8358,2026-09-22,26266.0
8358,2026-09-23,25989.0
8358,2026-09-24,25572.0
8358,2026-09-29,26373.0
3324,2026-08-25,4589.0
3324,2026-08-26,4894.0
3324,2026-08-27,4673.0
3324,2026-08-28,4703.0
3324,2026-08-31,5571.0
3324,2026-09-01,5370.0
3324,2026-09-02,5348.0
3324,2026-09-03,5508.0
3324,2026-09-04,6138.0
3324,2026-09-07,6306.0
3324,2026-09-08,6243.0
3324,2026-09-09,6031.0
3324,2026-09-10,6163.0
3324,2026-09-11,6215.0
3324,2026-09-14,6172.0
3324,2026-09-15,6068.0
3324,2026-09-16,6730.0
3324,2026-09-17,6807.0
3324,2026-09-18,6975.0
3324,2026-09-21,6961.0
3324,2026-09-22,7198.0
3324,2026-09-23,7099.0
3324,2026-09-24,6969.0
3324,2026-09-29,7058.0
5347,2026-08-25,12582.0
5347,2026-08-26,12483.0
5347,2026-08-27,12564.0
5347,2026-08-28,12649.0
5347,2026-08-31,12672.0
5347,2026-09-01,12591.0
5347,2026-09-02,12654.0
5347,2026-09-03,12539.0
5347,2026-09-04,12513.0
5347,2026-09-07,12505.0
5347,2026-09-08,12748.0
5347,2026-09-09,12601.0
5347,2026-09-10,12504.0
5347,2026-09-11,12453.0
5347,2026-09-14,12064.0
5347,2026-09-15,11712.0
5347,2026-09-16,11526.0
5347,2026-09-17,13146.0
5347,2026-09-18,12159.0
5347,2026-09-21,12064.0
5347,2026-09-22,11601.0
5347,2026-09-23,11609.0
5347,2026-09-24,11772.0
5347,2026-09-29,12392.0
3231,2026-08-25,41198.0
3231,2026-08-26,41111.0
3231,2026-08-27,44429.0
3231,2026-08-28,45149.0
3231,2026-08-31,46335.0
3231,2026-09-01,46723.0
3231,2026-09-02,47480.0
3231,2026-09-03,48061.0
3231,2026-09-04,47315.0
3231,2026-09-07,48468.0
3231,2026-09-08,53503.0
3231,2026-09-09,53826.0
3231,2026-09-10,54585.0
3231,2026-09-11,48522.0
3231,2026-09-14,48309.0
3231,2026-09-15,48136.0
3231,2026-09-16,52734.0
3231,2026-09-17,50592.0
3231,2026-09-18,50531.0
3231,2026-09-21,50766.0
3231,2026-09-22,52788.0
3231,2026-09-23,52852.0
3231,2026-09-24,52569.0
3231,2026-09-29,52769.0
6223,2026-08-25,994.0
6223,2026-08-26,1069.0
6223,2026-08-27,1121.0
6223,2026-08-28,1162.0
6223,2026-08-31,1156.0
6223,2026-09-01,1227.0
6223,2026-09-02,1255.0
6223,2026-09-03,1247.0
6223,2026-09-04,1242.0
6223,2026-09-07,1201.0
6223,2026-09-08,1195.0
6223,2026-09-09,1142.0
6223,2026-09-10,1125.0
6223,2026-09-11,1099.0
6223,2026-09-14,1069.0
6223,2026-09-15,1103.0
6223,2026-09-16,1093.0
6223,2026-09-17,1111.0
6223,2026-09-18,1078.0
6223,2026-09-21,1166.0
6223,2026-09-22,1200.0
6223,2026-09-23,1159.0
6223,2026-09-24,1178.0
6223,2026-09-29,1194.0
8150,2026-08-25,21034.0
8150,2026-08-26,20805.0
8150,2026-08-27,21401.0
8150,2026-08-28,20934.0
8150,2026-08-31,21195.0
8150,2026-09-01,20088.0
8150,2026-09-02,20113.0
8150,2026-09-03,19720.0
8150,2026-09-04,20158.0
8150,2026-09-07,20448.0
8150,2026-09-08,20327.0
8150,2026-09-09,18874.0
8150,2026-09-10,19519.0
8150,2026-09-11,19476.0
8150,2026-09-14,19007.0
8150,2026-09-15,19379.0
8150,2026-09-16,19061.0
8150,2026-09-17,18699.0
8150,2026-09-18,18753.0
8150,2026-09-21,18604.0
8150,2026-09-22,19556.0
8150,2026-09-23,17191.0
8150,2026-09-24,16822.0
8150,2026-09-29,18603.0
7769,2026-08-25,327.0
7769,2026-08-26,325.0
7769,2026-08-27,320.0
7769,2026-08-28,327.0
7769,2026-08-31,401.0
7769,2026-09-01,423.0
7769,2026-09-02,435.0
7769,2026-09-03,443.0
7769,2026-09-04,431.0
7769,2026-09-07,475.0
7769,2026-09-08,468.0
7769,2026-09-09,410.0
7769,2026-09-10,434.0
7769,2026-09-11,429.0
7769,2026-09-14,416.0
7769,2026-09-15,421.0
7769,2026-09-16,434.0
7769,2026-09-17,425.0
7769,2026-09-18,436.0
7769,2026-09-21,552.0
7769,2026-09-22,516.0
7769,2026-09-23,528.0
7769,2026-09-24,593.0
7769,2026-09-29,613.0
8028,2026-08-25,5096.0
8028,2026-08-26,5122.0
8028,2026-08-27,5179.0
8028,2026-08-28,5342.0
8028,2026-08-31,5485.0
8028,2026-09-01,5746.0
8028,2026-09-02,5851.0
8028,2026-09-03,5826.0
8028,2026-09-04,5877.0
8028,2026-09-07,5902.0
8028,2026-09-08,6025.0
8028,2026-09-09,6026.0
8028,2026-09-10,6074.0
8028,2026-09-11,6061.0
8028,2026-09-14,6018.0
8028,2026-09-15,6096.0
8028,2026-09-16,6085.0
8028,2026-09-17,6471.0
8028,2026-09-18,7091.0
8028,2026-09-21,7241.0
8028,2026-09-22,7280.0
8028,2026-09-23,7390.0
8028,2026-09-24,7642.0
8028,2026-09-29,8490.0
2059,2026-08-25,624.0
2059,2026-08-26,645.0
2059,2026-08-27,657.0
2059,2026-08-28,660.0
2059,2026-08-31,662.0
2059,2026-09-01,676.0
2059,2026-09-02,699.0
2059,2026-09-03,723.0
2059,2026-09-04,720.0
2059,2026-09-07,717.0
2059,2026-09-08,716.0
2059,2026-09-09,688.0
2059,2026-09-10,677.0
2059,2026-09-11,667.0
2059,2026-09-14,669.0
2059,2026-09-15,668.0
2059,2026-09-16,653.0
2059,2026-09-17,671.0
2059,2026-09-18,684.0
2059,2026-09-21,699.0
2059,2026-09-22,694.0
2059,2026-09-23,682.0
2059,2026-09-24,682.0
2059,2026-09-29,681.0
2360,2026-08-25,1159.0
2360,2026-08-26,1314.0
2360,2026-08-27,1314.0
2360,2026-08-28,1291.0
2360,2026-08-31,1295.0
2360,2026-09-01,1329.0
2360,2026-09-02,1331.0
2360,2026-09-03,1340.0
2360,2026-09-04,1407.0
2360,2026-09-07,1397.0
2360,2026-09-08,1252.0
2360,2026-09-09,1295.0
2360,2026-09-10,1301.0
2360,2026-09-11,1276.0
2360,2026-09-14,1224.0
2360,2026-09-15,1162.0
2360,2026-09-16,1197.0
2360,2026-09-17,1204.0
2360,2026-09-18,1423.0
2360,2026-09-21,1352.0
2360,2026-09-22,1529.0
2360,2026-09-23,1568.0
2360,2026-09-24,1525.0
2360,2026-09-29,1655.0
3481,2026-08-25,307916.0
3481,2026-08-26,309486.0
3481,2026-08-27,309811.0
3481,2026-08-28,323049.0
3481,2026-08-31,317741.0
3481,2026-09-01,319399.0
3481,2026-09-02,317405.0
3481,2026-09-03,321562.0
3481,2026-09-04,321789.0
3481,2026-09-07,323390.0
3481,2026-09-08,328923.0
3481,2026-09-09,322935.0
3481,2026-09-10,325515.0
3481,2026-09-11,322292.0
3481,2026-09-14,319135.0
3481,2026-09-15,319269.0
3481,2026-09-16,315442.0
3481,2026-09-17,316764.0
3481,2026-09-18,319283.0
3481,2026-09-21,332422.0
3481,2026-09-22,318905.0
3481,2026-09-23,324147.0
3481,2026-09-24,323996.0
3481,2026-09-29,322520.0
5274,2026-08-25,141.0
5274,2026-08-26,144.0
5274,2026-08-27,168.0
5274,2026-08-28,170.0
5274,2026-08-31,180.0
5274,2026-09-01,249.0
5274,2026-09-02,250.0
5274,2026-09-03,231.0
5274,2026-09-04,227.0
5274,2026-09-07,224.0
5274,2026-09-08,189.0
5274,2026-09-09,165.0
5274,2026-09-10,154.0
5274,2026-09-11,169.0
5274,2026-09-14,162.0
5274,2026-09-15,167.0
5274,2026-09-16,153.0
5274,2026-09-17,147.0
5274,2026-09-18,145.0
5274,2026-09-21,130.0
5274,2026-09-22,126.0
5274,2026-09-23,134.0
5274,2026-09-24,132.0
5274,2026-09-29,128.0
8299,2026-08-25,11467.0
8299,2026-08-26,11404.0
8299,2026-08-27,11319.0
8299,2026-08-28,11228.0
8299,2026-08-31,11171.0
8299,2026-09-01,11253.0
8299,2026-09-02,11077.0
8299,2026-09-03,10999.0
8299,2026-09-04,11006.0
8299,2026-09-07,10961.0
8299,2026-09-08,11004.0
8299,2026-09-09,10969.0
8299,2026-09-10,10967.0
8299,2026-09-11,10793.0
8299,2026-09-14,10744.0
8299,2026-09-15,10743.0
8299,2026-09-16,10680.0
8299,2026-09-17,10687.0
8299,2026-09-18,10609.0
8299,2026-09-21,10596.0
8299,2026-09-22,10369.0
8299,2026-09-23,10547.0
8299,2026-09-24,10753.0
8299,2026-09-29,10621.0
6187,2026-08-25,3137.0
6187,2026-08-26,3406.0
6187,2026-08-27,3502.0
6187,2026-08-28,3509.0
6187,2026-08-31,3431.0
6187,2026-09-01,3685.0
6187,2026-09-02,3656.0
6187,2026-09-03,3478.0
6187,2026-09-04,3435.0
6187,2026-09-07,3398.0
6187,2026-09-08,3464.0
6187,2026-09-09,3473.0
6187,2026-09-10,3519.0
6187,2026-09-11,3354.0
6187,2026-09-14,3340.0
6187,2026-09-15,3377.0
6187,2026-09-16,3431.0
6187,2026-09-17,3445.0
6187,2026-09-18,3444.0
6187,2026-09-21,3453.0
6187,2026-09-22,3469.0
6187,2026-09-23,3367.0
6187,2026-09-24,3359.0
6187,2026-09-29,3628.0
6770,2026-08-25,143483.0
6770,2026-08-26,138407.0
6770,2026-08-27,138588.0
6770,2026-08-28,138813.0
6770,2026-08-31,132027.0
6770,2026-09-01,139572.0
6770,2026-09-02,139581.0
6770,2026-09-03,138329.0
6770,2026-09-04,139628.0
6770,2026-09-07,137820.0
6770,2026-09-08,135064.0
6770,2026-09-09,134354.0
6770,2026-09-10,137292.0
6770,2026-09-11,134859.0
6770,2026-09-14,131938.0
6770,2026-09-15,133800.0
6770,2026-09-16,129898.0
6770,2026-09-17,131887.0
6770,2026-09-18,131528.0
6770,2026-09-21,131504.0
6770,2026-09-22,128839.0
6770,2026-09-23,126303.0
6770,2026-09-24,130053.0
6770,2026-09-29,127669.0
3167,2026-08-25,7652.0
3167,2026-08-26,7697.0
3167,2026-08-27,7696.0
3167,2026-08-28,7839.0
3167,2026-08-31,7826.0
3167,2026-09-01,7970.0
3167,2026-09-02,8040.0
3167,2026-09-03,7628.0
3167,2026-09-04,8040.0
3167,2026-09-07,8218.0
3167,2026-09-08,7746.0
3167,2026-09-09,8003.0
3167,2026-09-10,7755.0
3167,2026-09-11,7493.0
3167,2026-09-14,7376.0
3167,2026-09-15,7628.0
3167,2026-09-16,7934.0
3167,2026-09-17,7803.0
3167,2026-09-18,8108.0
3167,2026-09-21,7918.0
3167,2026-09-22,8185.0
3167,2026-09-23,8465.0
3167,2026-09-24,8625.0
3167,2026-09-29,8706.0
6531,2026-08-25,5565.0
6531,2026-08-26,5660.0
6531,2026-08-27,5643.0
6531,2026-08-28,5720.0
6531,2026-08-31,5824.0
6531,2026-09-01,6112.0
6531,2026-09-02,6173.0
6531,2026-09-03,6390.0
6531,2026-09-04,6421.0
6531,2026-09-07,6212.0
6531,2026-09-08,6310.0
6531,2026-09-09,6032.0
6531,2026-09-10,6304.0
6531,2026-09-11,6315.0
6531,2026-09-14,6026.0
6531,2026-09-15,5958.0
6531,2026-09-16,5673.0
6531,2026-09-17,5800.0
6531,2026-09-18,5554.0
6531,2026-09-21,5629.0
6531,2026-09-22,5470.0
6531,2026-09-23,5318.0
6531,2026-09-24,5372.0
6531,2026-09-29,5315.0
3661,2026-08-25,6188.0
3661,2026-08-26,6202.0
3661,2026-08-27,6254.0
3661,2026-08-28,6158.0
3661,2026-08-31,5984.0
3661,2026-09-01,5907.0
3661,2026-09-02,5842.0
3661,2026-09-03,6059.0
3661,2026-09-04,6054.0
3661,2026-09-07,6235.0
3661,2026-09-08,6253.0
3661,2026-09-09,5969.0
3661,2026-09-10,6012.0
3661,2026-09-11,5889.0
3661,2026-09-14,5772.0
3661,2026-09-15,5695.0
3661,2026-09-16,5776.0
3661,2026-09-17,5898.0
3661,2026-09-18,5840.0
3661,2026-09-21,5895.0
3661,2026-09-22,5666.0
3661,2026-09-23,5741.0
3661,2026-09-24,5732.0
3661,2026-09-29,5767.0
6147,2026-08-25,30542.0
6147,2026-08-26,32056.0
6147,2026-08-27,35760.0
6147,2026-08-28,36577.0
6147,2026-08-31,34980.0
6147,2026-09-01,35689.0
6147,2026-09-02,35740.0
6147,2026-09-03,36694.0
6147,2026-09-04,40006.0
6147,2026-09-07,40648.0
6147,2026-09-08,41767.0
6147,2026-09-09,41021.0
6147,2026-09-10,41381.0
6147,2026-09-11,41062.0
6147,2026-09-14,38578.0
6147,2026-09-15,37655.0
6147,2026-09-16,37342.0
6147,2026-09-17,39211.0
6147,2026-09-18,39862.0
6147,2026-09-21,41189.0
6147,2026-09-22,43503.0
6147,2026-09-23,43910.0
6147,2026-09-24,42996.0
6147,2026-09-29,42094.0
3026,2026-08-25,10034.0
3026,2026-08-26,10019.0
3026,2026-08-27,10410.0
3026,2026-08-28,10588.0
3026,2026-08-31,10292.0
3026,2026-09-01,10791.0
3026,2026-09-02,10682.0
3026,2026-09-03,9927.0
3026,2026-09-04,10291.0
3026,2026-09-07,9794.0
3026,2026-09-08,10505.0
3026,2026-09-09,10437.0
3026,2026-09-10,11916.0
3026,2026-09-11,11005.0
3026,2026-09-14,11018.0
3026,2026-09-15,10972.0
3026,2026-09-16,11490.0
3026,2026-09-17,11836.0
3026,2026-09-18,12156.0
3026,2026-09-21,12865.0
3026,2026-09-22,12747.0
3026,2026-09-23,12635.0
3026,2026-09-24,12555.0
3026,2026-09-29,12650.0
8039,2026-08-25,25941.0
8039,2026-08-26,25823.0
8039,2026-08-27,26628.0
8039,2026-08-28,24959.0
8039,2026-08-31,22847.0
8039,2026-09-01,22165.0
8039,2026-09-02,22914.0
8039,2026-09-03,19958.0
8039,2026-09-04,21842.0
8039,2026-09-07,22450.0
8039,2026-09-08,21874.0
8039,2026-09-09,20474.0
8039,2026-09-10,19683.0
8039,2026-09-11,20169.0
8039,2026-09-14,20369.0
8039,2026-09-15,20574.0
8039,2026-09-16,20964.0
8039,2026-09-17,21173.0
8039,2026-09-18,22437.0
8039,2026-09-21,22492.0
8039,2026-09-22,22299.0
8039,2026-09-23,21893.0
8039,2026-09-24,21945.0
8039,2026-09-29,22730.0
6505,2026-08-25,12851.0
6505,2026-08-26,12747.0
6505,2026-08-27,11488.0
6505,2026-08-28,11455.0
6505,2026-08-31,11553.0
6505,2026-09-01,10978.0
6505,2026-09-02,11486.0
6505,2026-09-03,11420.0
6505,2026-09-04,11689.0
6505,2026-09-07,11375.0
6505,2026-09-08,11189.0
6505,2026-09-09,14492.0
6505,2026-09-10,11662.0
6505,2026-09-11,12283.0
6505,2026-09-14,11971.0
6505,2026-09-15,11416.0
6505,2026-09-16,12115.0
6505,2026-09-17,8674.0
6505,2026-09-18,8362.0
6505,2026-09-21,7763.0
6505,2026-09-22,7656.0
6505,2026-09-23,7245.0
6505,2026-09-24,7410.0
6505,2026-09-29,5627.0
2301,2026-08-25,19710.0
2301,2026-08-26,21811.0
2301,2026-08-27,21061.0
2301,2026-08-28,20597.0
2301,2026-08-31,20188.0
2301,2026-09-01,20032.0
2301,2026-09-02,19132.0
2301,2026-09-03,18554.0
2301,2026-09-04,17732.0
2301,2026-09-07,18439.0
2301,2026-09-08,18670.0
2301,2026-09-09,18703.0
2301,2026-09-10,18464.0
2301,2026-09-11,16393.0
2301,2026-09-14,16270.0
2301,2026-09-15,16549.0
2301,2026-09-16,16844.0
2301,2026-09-17,16878.0
2301,2026-09-18,17059.0
2301,2026-09-21,16930.0
2301,2026-09-22,17430.0
2301,2026-09-23,18114.0
2301,2026-09-24,18092.0
2301,2026-09-29,18329.0
2404,2026-08-25,2160.0
2404,2026-08-26,2171.0
2404,2026-08-27,2369.0
2404,2026-08-28,2339.0
2404,2026-08-31,2405.0
2404,2026-09-01,2297.0
2404,2026-09-02,2433.0
2404,2026-09-03,2411.0
2404,2026-09-04,2451.0
2404,2026-09-07,2440.0
2404,2026-09-08,2493.0
2404,2026-09-09,2439.0
2404,2026-09-10,2416.0
2404,2026-09-11,2320.0
2404,2026-09-14,2297.0
2404,2026-09-15,2259.0
2404,2026-09-16,2269.0
2404,2026-09-17,2271.0
2404,2026-09-18,2238.0
2404,2026-09-21,2290.0
2404,2026-09-22,2251.0
2404,2026-09-23,2312.0
2404,2026-09-24,2236.0
2404,2026-09-29,2225.0
2481,2026-08-25,16444.0
2481,2026-08-26,16106.0
2481,2026-08-27,14969.0
2481,2026-08-28,13927.0
2481,2026-08-31,13941.0
2481,2026-09-01,15694.0
2481,2026-09-02,15993.0
2481,2026-09-03,14489.0
2481,2026-09-04,15896.0
2481,2026-09-07,16594.0
2481,2026-09-08,16452.0
2481,2026-09-09,16696.0
2481,2026-09-10,16735.0
2481,2026-09-11,17163.0
2481,2026-09-14,16614.0
2481,2026-09-15,16892.0
2481,2026-09-16,16079.0
2481,2026-09-17,17421.0
2481,2026-09-18,17095.0
2481,2026-09-21,18806.0
2481,2026-09-22,18614.0
2481,2026-09-23,19205.0
2481,2026-09-24,18748.0
2481,2026-09-29,19971.0
3533,2026-08-25,1669.0
3533,2026-08-26,1678.0
3533,2026-08-27,1647.0
3533,2026-08-28,1741.0
3533,2026-08-31,1764.0
3533,2026-09-01,1716.0
3533,2026-09-02,1725.0
3533,2026-09-03,1700.0
3533,2026-09-04,1686.0
3533,2026-09-07,1671.0
3533,2026-09-08,1679.0
3533,2026-09-09,1672.0
3533,2026-09-10,1654.0
3533,2026-09-11,1631.0
3533,2026-09-14,1633.0
3533,2026-09-15,1585.0
3533,2026-09-16,1553.0
3533,2026-09-17,1593.0
3533,2026-09-18,1555.0
3533,2026-09-21,1581.0
3533,2026-09-22,1536.0
3533,2026-09-23,1813.0
3533,2026-09-24,1809.0
3533,2026-09-29,1845.0
2382,2026-08-25,15369.0
2382,2026-08-26,15222.0
2382,2026-08-27,14988.0
2382,2026-08-28,15007.0
2382,2026-08-31,14660.0
2382,2026-09-01,14634.0
2382,2026-09-02,14903.0
2382,2026-09-03,14594.0
2382,2026-09-04,14834.0
2382,2026-09-07,14992.0
2382,2026-09-08,15671.0
2382,2026-09-09,14843.0
2382,2026-09-10,15180.0
2382,2026-09-11,15029.0
2382,2026-09-14,14952.0
2382,2026-09-15,14845.0
2382,2026-09-16,14531.0
2382,2026-09-17,14332.0
2382,2026-09-18,14522.0
2382,2026-09-21,14694.0
2382,2026-09-22,14845.0
2382,2026-09-23,15546.0
2382,2026-09-24,15766.0
2382,2026-09-29,15835.0
1727,2026-08-25,7291.0
1727,2026-08-26,7663.0
1727,2026-08-27,7579.0
1727,2026-08-28,7181.0
1727,2026-08-31,6630.0
1727,2026-09-01,6993.0
1727,2026-09-02,6799.0
1727,2026-09-03,6612.0
1727,2026-09-04,6531.0
1727,2026-09-07,6877.0
1727,2026-09-08,6923.0
1727,2026-09-09,6792.0
1727,2026-09-10,6717.0
1727,2026-09-11,6747.0
1727,2026-09-14,6628.0
1727,2026-09-15,6779.0
1727,2026-09-16,6650.0
1727,2026-09-17,8273.0
1727,2026-09-18,8312.0
1727,2026-09-21,8783.0
1727,2026-09-22,8918.0
1727,2026-09-23,9131.0
1727,2026-09-24,9574.0
1727,2026-09-29,11264.0
6669,2026-08-25,1281.0
6669,2026-08-26,1326.0
6669,2026-08-27,1401.0
6669,2026-08-28,1417.0
6669,2026-08-31,1420.0
6669,2026-09-01,1418.0
6669,2026-09-02,2078.0
6669,2026-09-03,2195.0
6669,2026-09-04,2298.0
6669,2026-09-07,2558.0
6669,2026-09-08,2825.0
6669,2026-09-09,2937.0
6669,2026-09-10,2953.0
6669,2026-09-11,2974.0
6669,2026-09-14,2989.0
6669,2026-09-15,3047.0
6669,2026-09-16,3492.0
6669,2026-09-17,3433.0
6669,2026-09-18,3524.0
6669,2026-09-21,3477.0
6669,2026-09-22,3683.0
6669,2026-09-23,3733.0
6669,2026-09-24,3742.0
6669,2026-09-29,3698.0
6533,2026-08-25,2089.0
6533,2026-08-26,2290.0
6533,2026-08-27,2093.0
6533,2026-08-28,2082.0
6533,2026-08-31,2014.0
6533,2026-09-01,2225.0
6533,2026-09-02,2139.0
6533,2026-09-03,2075.0
6533,2026-09-04,2075.0
6533,2026-09-07,2123.0
6533,2026-09-08,2068.0
6533,2026-09-09,2099.0
6533,2026-09-10,2102.0
6533,2026-09-11,2077.0
6533,2026-09-14,2112.0
6533,2026-09-15,2084.0
6533,2026-09-16,2098.0
6533,2026-09-17,2170.0
6533,2026-09-18,2651.0
6533,2026-09-21,2833.0
6533,2026-09-22,3005.0
6533,2026-09-23,3025.0
6533,2026-09-24,3336.0
6533,2026-09-29,3731.0
3081,2026-08-25,5844.0
3081,2026-08-26,5874.0
3081,2026-08-27,5988.0
3081,2026-08-28,5913.0
3081,2026-08-31,5989.0
3081,2026-09-01,6127.0
3081,2026-09-02,6044.0
3081,2026-09-03,5721.0
3081,2026-09-04,5763.0
3081,2026-09-07,5720.0
3081,2026-09-08,5384.0
3081,2026-09-09,5486.0
3081,2026-09-10,5535.0
3081,2026-09-11,5562.0
3081,2026-09-14,5498.0
3081,2026-09-15,5486.0
3081,2026-09-16,5922.0
3081,2026-09-17,6003.0
3081,2026-09-18,5974.0
3081,2026-09-21,5976.0
3081,2026-09-22,5981.0
3081,2026-09-23,5925.0
3081,2026-09-24,5909.0
3081,2026-09-29,5918.0
3532,2026-08-25,8479.0
3532,2026-08-26,8694.0
3532,2026-08-27,8905.0
3532,2026-08-28,9196.0
3532,2026-08-31,8853.0
3532,2026-09-01,9047.0
3532,2026-09-02,8899.0
3532,2026-09-03,8714.0
3532,2026-09-04,8959.0
3532,2026-09-07,8847.0
3532,2026-09-08,8704.0
3532,2026-09-09,8750.0
3532,2026-09-10,8851.0
3532,2026-09-11,8986.0
3532,2026-09-14,8629.0
3532,2026-09-15,8774.0
3532,2026-09-16,8594.0
3532,2026-09-17,8607.0
3532,2026-09-18,8942.0
3532,2026-09-21,8936.0
3532,2026-09-22,9079.0
3532,2026-09-23,8807.0
3532,2026-09-24,8843.0
3532,2026-09-29,9000.0
6207,2026-08-25,4355.0
6207,2026-08-26,4279.0
6207,2026-08-27,4412.0
6207,2026-08-28,4700.0
6207,2026-08-31,4779.0
6207,2026-09-01,4874.0
6207,2026-09-02,5109.0
6207,2026-09-03,5376.0
6207,2026-09-04,5543.0
6207,2026-09-07,5629.0
6207,2026-09-08,6389.0
6207,2026-09-09,6219.0
6207,2026-09-10,5948.0
6207,2026-09-11,5875.0
6207,2026-09-14,5586.0
6207,2026-09-15,5491.0
6207,2026-09-16,5636.0
6207,2026-09-17,5541.0
6207,2026-09-18,5684.0
6207,2026-09-21,5902.0
6207,2026-09-22,5884.0
6207,2026-09-23,5927.0
6207,2026-09-24,6312.0
6207,2026-09-29,6431.0
8064,2026-08-25,5737.0
8064,2026-08-26,5644.0
8064,2026-08-27,5393.0
8064,2026-08-28,5444.0
8064,2026-08-31,5408.0
8064,2026-09-01,5742.0
8064,2026-09-02,5777.0
8064,2026-09-03,6371.0
8064,2026-09-04,7467.0
8064,2026-09-07,8447.0
8064,2026-09-08,9769.0
8064,2026-09-09,11765.0
8064,2026-09-10,12130.0
8064,2026-09-11,10161.0
8064,2026-09-14,10232.0
8064,2026-09-15,10423.0
8064,2026-09-16,10731.0
8064,2026-09-17,10574.0
8064,2026-09-18,10892.0
8064,2026-09-21,11751.0
8064,2026-09-22,11571.0
8064,2026-09-23,11528.0
8064,2026-09-24,12963.0
8064,2026-09-29,14055.0
2376,2026-08-25,7020.0
2376,2026-08-26,6821.0
2376,2026-08-27,6581.0
2376,2026-08-28,6603.0
2376,2026-08-31,6681.0
2376,2026-09-01,6722.0
2376,2026-09-02,6728.0
2376,2026-09-03,6371.0
2376,2026-09-04,6731.0
2376,2026-09-07,6577.0
2376,2026-09-08,6429.0
2376,2026-09-09,6426.0
2376,2026-09-10,6389.0
2376,2026-09-11,6407.0
2376,2026-09-14,6327.0
2376,2026-09-15,6314.0
2376,2026-09-16,6248.0
2376,2026-09-17,6091.0
2376,2026-09-18,6251.0
2376,2026-09-21,5879.0
2376,2026-09-22,6111.0
2376,2026-09-23,6258.0
2376,2026-09-24,6278.0
2376,2026-09-29,6569.0
2395,2026-08-25,1727.0
2395,2026-08-26,1733.0
2395,2026-08-27,1650.0
2395,2026-08-28,1630.0
2395,2026-08-31,1623.0
2395,2026-09-01,1780.0
2395,2026-09-02,1795.0
2395,2026-09-03,1722.0
2395,2026-09-04,1780.0
2395,2026-09-07,1943.0
2395,2026-09-08,1808.0
2395,2026-09-09,1820.0
2395,2026-09-10,1800.0
2395,2026-09-11,1653.0
2395,2026-09-14,1700.0
2395,2026-09-15,1598.0
2395,2026-09-16,1545.0
2395,2026-09-17,1536.0
2395,2026-09-18,1553.0
2395,2026-09-21,1497.0
2395,2026-09-22,1506.0
2395,2026-09-23,1512.0
2395,2026-09-24,1538.0
2395,2026-09-29,1512.0
3450,2026-08-25,13868.0
3450,2026-08-26,13988.0
3450,2026-08-27,14065.0
3450,2026-08-28,13667.0
3450,2026-08-31,13602.0
3450,2026-09-01,14037.0
3450,2026-09-02,13261.0
3450,2026-09-03,12576.0
3450,2026-09-04,12236.0
3450,2026-09-07,12042.0
3450,2026-09-08,11718.0
3450,2026-09-09,11697.0
3450,2026-09-10,11776.0
3450,2026-09-11,11708.0
3450,2026-09-14,12115.0
3450,2026-09-15,12168.0
3450,2026-09-16,12402.0
3450,2026-09-17,12807.0
3450,2026-09-18,13101.0
3450,2026-09-21,12939.0
3450,2026-09-22,13316.0
3450,2026-09-23,13442.0
3450,2026-09-24,13586.0
3450,2026-09-29,13694.0
6672,2026-08-25,6028.0
6672,2026-08-26,6143.0
6672,2026-08-27,5945.0
6672,2026-08-28,5942.0
6672,2026-08-31,6011.0
6672,2026-09-01,5995.0
6672,2026-09-02,6031.0
6672,2026-09-03,5994.0
6672,2026-09-04,5803.0
6672,2026-09-07,6473.0
6672,2026-09-08,6801.0
6672,2026-09-09,6510.0
6672,2026-09-10,6607.0
6672,2026-09-11,6608.0
6672,2026-09-14,6532.0
6672,2026-09-15,6451.0
6672,2026-09-16,6671.0
6672,2026-09-17,6608.0
6672,2026-09-18,6383.0
6672,2026-09-21,6265.0
6672,2026-09-22,6365.0
6672,2026-09-23,6242.0
6672,2026-09-24,6735.0
6672,2026-09-29,6910.0
3293,2026-08-25,2421.0
3293,2026-08-26,2595.0
3293,2026-08-27,2627.0
3293,2026-08-28,2658.0
3293,2026-08-31,2640.0
3293,2026-09-01,2800.0
3293,2026-09-02,3073.0
3293,2026-09-03,2946.0
3293,2026-09-04,2945.0
3293,2026-09-07,2946.0
3293,2026-09-08,2951.0
3293,2026-09-09,2931.0
3293,2026-09-10,2941.0
3293,2026-09-11,2922.0
3293,2026-09-14,2883.0
3293,2026-09-15,2835.0
3293,2026-09-16,2789.0
3293,2026-09-17,2632.0
3293,2026-09-18,2622.0
3293,2026-09-21,2617.0
3293,2026-09-22,2597.0
3293,2026-09-23,2571.0
3293,2026-09-24,2315.0
3293,2026-09-29,2315.0
3624,2026-08-25,6648.0
3624,2026-08-26,6835.0
3624,2026-08-27,7051.0
3624,2026-08-28,7886.0
3624,2026-08-31,7876.0
3624,2026-09-01,7956.0
3624,2026-09-02,7925.0
3624,2026-09-03,7877.0
3624,2026-09-04,6979.0
3624,2026-09-07,8269.0
3624,2026-09-08,8982.0
3624,2026-09-09,10026.0
3624,2026-09-10,10117.0
3624,2026-09-11,10172.0
3624,2026-09-14,11070.0
3624,2026-09-15,11166.0
3624,2026-09-16,11609.0
3624,2026-09-17,10922.0
3624,2026-09-18,10844.0
3624,2026-09-21,12355.0
3624,2026-09-22,11355.0
3624,2026-09-23,10899.0
3624,2026-09-24,13344.0
3624,2026-09-29,12972.0
2426,2026-08-25,20598.0
2426,2026-08-26,24571.0
2426,2026-08-27,25754.0
2426,2026-08-28,28860.0
2426,2026-08-31,27874.0
2426,2026-09-01,30938.0
2426,2026-09-02,30436.0
2426,2026-09-03,28194.0
2426,2026-09-04,27385.0
2426,2026-09-07,27987.0
2426,2026-09-08,28111.0
2426,2026-09-09,27338.0
2426,2026-09-10,26934.0
2426,2026-09-11,26332.0
2426,2026-09-14,26438.0
2426,2026-09-15,26064.0
2426,2026-09-16,26219.0
2426,2026-09-17,26265.0
2426,2026-09-18,28474.0
2426,2026-09-21,28567.0
2426,2026-09-22,29685.0
2426,2026-09-23,29405.0
2426,2026-09-24,29238.0
2426,2026-09-29,28804.0
6446,2026-08-25,9315.0
6446,2026-08-26,9304.0
6446,2026-08-27,9219.0
6446,2026-08-28,9230.0
6446,2026-08-31,9295.0
6446,2026-09-01,9269.0
6446,2026-09-02,9306.0
6446,2026-09-03,9139.0
6446,2026-09-04,9276.0
6446,2026-09-07,9204.0
6446,2026-09-08,9126.0
6446,2026-09-09,9201.0
6446,2026-09-10,9181.0
6446,2026-09-11,9064.0
6446,2026-09-14,8776.0
6446,2026-09-15,8646.0
6446,2026-09-16,8316.0
6446,2026-09-17,8423.0
6446,2026-09-18,8471.0
6446,2026-09-21,8329.0
6446,2026-09-22,8328.0
6446,2026-09-23,8458.0
6446,2026-09-24,8502.0
6446,2026-09-29,8438.0
6805,2026-08-25,2885.0
6805,2026-08-26,3033.0
6805,2026-08-27,3074.0
6805,2026-08-28,2995.0
6805,2026-08-31,2840.0
6805,2026-09-01,2804.0
6805,2026-09-02,2982.0
6805,2026-09-03,3118.0
6805,2026-09-04,3169.0
6805,2026-09-07,3066.0
6805,2026-09-08,3019.0
6805,2026-09-09,2901.0
6805,2026-09-10,2950.0
6805,2026-09-11,2867.0
6805,2026-09-14,2777.0
6805,2026-09-15,2774.0
6805,2026-09-16,2694.0
6805,2026-09-17,2711.0
6805,2026-09-18,2731.0
6805,2026-09-21,2585.0
6805,2026-09-22,2408.0
6805,2026-09-23,2295.0
6805,2026-09-24,2317.0
6805,2026-09-29,2352.0
3006,2026-08-25,17630.0
3006,2026-08-26,17659.0
3006,2026-08-27,17853.0
3006,2026-08-28,17876.0
3006,2026-08-31,17621.0
3006,2026-09-01,18546.0
3006,2026-09-02,18329.0
3006,2026-09-03,18210.0
3006,2026-09-04,18750.0
3006,2026-09-07,17452.0
3006,2026-09-08,18214.0
3006,2026-09-09,17751.0
3006,2026-09-10,17914.0
3006,2026-09-11,18480.0
3006,2026-09-14,18368.0
3006,2026-09-15,18538.0
3006,2026-09-16,18213.0
3006,2026-09-17,18492.0
3006,2026-09-18,18529.0
3006,2026-09-21,19039.0
3006,2026-09-22,19627.0
3006,2026-09-23,19978.0
3006,2026-09-24,20139.0
3006,2026-09-29,19578.0
3264,2026-08-25,5529.0
3264,2026-08-26,5444.0
3264,2026-08-27,5416.0
3264,2026-08-28,5237.0
3264,2026-08-31,5278.0
3264,2026-09-01,5204.0
3264,2026-09-02,5274.0
3264,2026-09-03,5079.0
3264,2026-09-04,5195.0
3264,2026-09-07,5196.0
3264,2026-09-08,5708.0
3264,2026-09-09,5640.0
3264,2026-09-10,5576.0
3264,2026-09-11,5942.0
3264,2026-09-14,5896.0
3264,2026-09-15,5964.0
3264,2026-09-16,6038.0
3264,2026-09-17,6217.0
3264,2026-09-18,7816.0
3264,2026-09-21,8361.0
3264,2026-09-22,8571.0
3264,2026-09-23,10268.0
3264,2026-09-24,10958.0
3264,2026-09-29,11294.0
6139,2026-08-25,8710.0
6139,2026-08-26,8743.0
6139,2026-08-27,8987.0
6139,2026-08-28,9251.0
6139,2026-08-31,8746.0
6139,2026-09-01,8552.0
6139,2026-09-02,9118.0
6139,2026-09-03,8794.0
6139,2026-09-04,8718.0
6139,2026-09-07,8602.0
6139,2026-09-08,8562.0
6139,2026-09-09,8789.0
6139,2026-09-10,8893.0
6139,2026-09-11,8905.0
6139,2026-09-14,8912.0
6139,2026-09-15,8847.0
6139,2026-09-16,8878.0
6139,2026-09-17,8820.0
6139,2026-09-18,8765.0
6139,2026-09-21,8911.0
6139,2026-09-22,8981.0
6139,2026-09-23,9199.0
6139,2026-09-24,9205.0
6139,2026-09-29,9489.0
5483,2026-08-25,18210.0
5483,2026-08-26,18532.0
5483,2026-08-27,18309.0
5483,2026-08-28,18208.0
5483,2026-08-31,18122.0
5483,2026-09-01,17696.0
5483,2026-09-02,17924.0
5483,2026-09-03,17371.0
5483,2026-09-04,17291.0
5483,2026-09-07,17248.0
5483,2026-09-08,17332.0
5483,2026-09-09,17219.0
5483,2026-09-10,17175.0
5483,2026-09-11,17087.0
5483,2026-09-14,16824.0
5483,2026-09-15,16585.0
5483,2026-09-16,16286.0
5483,2026-09-17,15775.0
5483,2026-09-18,15770.0
5483,2026-09-21,16019.0
5483,2026-09-22,15250.0
5483,2026-09-23,17540.0
5483,2026-09-24,17064.0
5483,2026-09-29,16644.0
6278,2026-08-25,9538.0
6278,2026-08-26,9726.0
6278,2026-08-27,10072.0
6278,2026-08-28,9499.0
6278,2026-08-31,9451.0
6278,2026-09-01,9529.0
6278,2026-09-02,9343.0
6278,2026-09-03,8732.0
6278,2026-09-04,9058.0
6278,2026-09-07,9034.0
6278,2026-09-08,8959.0
6278,2026-09-09,8880.0
6278,2026-09-10,8899.0
6278,2026-09-11,8431.0
6278,2026-09-14,8223.0
6278,2026-09-15,8116.0
6278,2026-09-16,8358.0
6278,2026-09-17,8359.0
6278,2026-09-18,8605.0
6278,2026-09-21,8958.0
6278,2026-09-22,9518.0
6278,2026-09-23,10427.0
6278,2026-09-24,10056.0
6278,2026-09-29,11157.0
6510,2026-08-25,736.0
6510,2026-08-26,760.0
6510,2026-08-27,744.0
6510,2026-08-28,786.0
6510,2026-08-31,819.0
6510,2026-09-01,864.0
6510,2026-09-02,920.0
6510,2026-09-03,909.0
6510,2026-09-04,916.0
6510,2026-09-07,1024.0
6510,2026-09-08,1008.0
6510,2026-09-09,911.0
6510,2026-09-10,878.0
6510,2026-09-11,785.0
6510,2026-09-14,810.0
6510,2026-09-15,818.0
6510,2026-09-16,856.0
6510,2026-09-17,862.0
6510,2026-09-18,938.0
6510,2026-09-21,939.0
6510,2026-09-22,981.0
6510,2026-09-23,1006.0
6510,2026-09-24,1006.0
6510,2026-09-29,1009.0
2357,2026-08-25,1615.0
2357,2026-08-26,1607.0
2357,2026-08-27,1570.0
2357,2026-08-28,1648.0
2357,2026-08-31,1659.0
2357,2026-09-01,1639.0
2357,2026-09-02,1645.0
2357,2026-09-03,1716.0
2357,2026-09-04,1685.0
2357,2026-09-07,1789.0
2357,2026-09-08,1904.0
2357,2026-09-09,1865.0
2357,2026-09-10,1796.0
2357,2026-09-11,1858.0
2357,2026-09-14,1808.0
2357,2026-09-15,1645.0
2357,2026-09-16,1584.0
2357,2026-09-17,1717.0
2357,2026-09-18,1712.0
2357,2026-09-21,1514.0
2357,2026-09-22,1498.0
2357,2026-09-23,1480.0
2357,2026-09-24,1483.0
2357,2026-09-29,1455.0
3491,2026-08-25,3009.0
3491,2026-08-26,3059.0
3491,2026-08-27,3164.0
3491,2026-08-28,3526.0
3491,2026-08-31,3229.0
3491,2026-09-01,3258.0
3491,2026-09-02,3178.0
3491,2026-09-03,3009.0
3491,2026-09-04,3093.0
3491,2026-09-07,3149.0
3491,2026-09-08,3137.0
3491,2026-09-09,3135.0
3491,2026-09-10,3075.0
3491,2026-09-11,3038.0
3491,2026-09-14,3041.0
3491,2026-09-15,3022.0
3491,2026-09-16,2896.0
3491,2026-09-17,2960.0
3491,2026-09-18,2919.0
3491,2026-09-21,2990.0
3491,2026-09-22,3017.0
3491,2026-09-23,2954.0
3491,2026-09-24,2940.0
3491,2026-09-29,2993.0
2484,2026-08-25,14746.0
2484,2026-08-26,15878.0
2484,2026-08-27,16221.0
2484,2026-08-28,16340.0
2484,2026-08-31,16282.0
2484,2026-09-01,15907.0
2484,2026-09-02,16062.0
2484,2026-09-03,15444.0
2484,2026-09-04,15458.0
2484,2026-09-07,15917.0
2484,2026-09-08,15843.0
2484,2026-09-09,16265.0
2484,2026-09-10,15764.0
2484,2026-09-11,15497.0
2484,2026-09-14,15283.0
2484,2026-09-15,15441.0
2484,2026-09-16,15852.0
2484,2026-09-17,16013.0
2484,2026-09-18,15922.0
2484,2026-09-21,15979.0
2484,2026-09-22,15811.0
2484,2026-09-23,18531.0
2484,2026-09-24,18364.0
2484,2026-09-29,18428.0
2379,2026-08-25,2606.0
2379,2026-08-26,2595.0
2379,2026-08-27,2578.0
2379,2026-08-28,2602.0
2379,2026-08-31,2569.0
2379,2026-09-01,2558.0
2379,2026-09-02,2591.0
2379,2026-09-03,2634.0
2379,2026-09-04,2609.0
2379,2026-09-07,2633.0
2379,2026-09-08,2751.0
2379,2026-09-09,2662.0
2379,2026-09-10,2694.0
2379,2026-09-11,2656.0
2379,2026-09-14,2598.0
2379,2026-09-15,2621.0
2379,2026-09-16,2636.0
2379,2026-09-17,2591.0
2379,2026-09-18,2592.0
2379,2026-09-21,2574.0
2379,2026-09-22,2568.0
2379,2026-09-23,2518.0
2379,2026-09-24,2526.0
2379,2026-09-29,2509.0
3605,2026-08-25,14481.0
3605,2026-08-26,15308.0
3605,2026-08-27,16135.0
3605,2026-08-28,17448.0
3605,2026-08-31,20365.0
3605,2026-09-01,17644.0
3605,2026-09-02,18843.0
3605,2026-09-03,17175.0
3605,2026-09-04,16427.0
3605,2026-09-07,17636.0
3605,2026-09-08,19680.0
3605,2026-09-09,20593.0
3605,2026-09-10,22088.0
3605,2026-09-11,21196.0
3605,2026-09-14,19799.0
3605,2026-09-15,20043.0
3605,2026-09-16,21251.0
3605,2026-09-17,21493.0
3605,2026-09-18,18990.0
3605,2026-09-21,19957.0
3605,2026-09-22,19074.0
3605,2026-09-23,18443.0
3605,2026-09-24,18523.0
3605,2026-09-29,18393.0
2313,2026-08-25,31230.0
2313,2026-08-26,31487.0
2313,2026-08-27,31848.0
2313,2026-08-28,36163.0
2313,2026-08-31,35664.0
2313,2026-09-01,37583.0
2313,2026-09-02,36556.0
2313,2026-09-03,34173.0
2313,2026-09-04,34334.0
2313,2026-09-07,37288.0
2313,2026-09-08,37954.0
2313,2026-09-09,38250.0
2313,2026-09-10,36963.0
2313,2026-09-11,36550.0
2313,2026-09-14,36329.0
2313,2026-09-15,36327.0
2313,2026-09-16,36305.0
2313,2026-09-17,37293.0
2313,2026-09-18,36517.0
2313,2026-09-21,36853.0
2313,2026-09-22,35919.0
2313,2026-09-23,35559.0
2313,2026-09-24,35656.0
2313,2026-09-29,35089.0
3406,2026-08-25,4674.0
3406,2026-08-26,5452.0
3406,2026-08-27,5797.0
3406,2026-08-28,4914.0
3406,2026-08-31,5079.0
3406,2026-09-01,3802.0
3406,2026-09-02,3771.0
3406,2026-09-03,3543.0
3406,2026-09-04,3702.0
3406,2026-09-07,3561.0
3406,2026-09-08,3691.0
3406,2026-09-09,3881.0
3406,2026-09-10,4115.0
3406,2026-09-11,3973.0
3406,2026-09-14,3461.0
3406,2026-09-15,3184.0
3406,2026-09-16,3337.0
3406,2026-09-17,3545.0
3406,2026-09-18,3820.0
3406,2026-09-21,3636.0
3406,2026-09-22,3638.0
3406,2026-09-23,3527.0
3406,2026-09-24,3482.0
3406,2026-09-29,3309.0
1301,2026-08-25,19796.0
1301,2026-08-26,19299.0
1301,2026-08-27,18475.0
1301,2026-08-28,16754.0
1301,2026-08-31,17195.0
1301,2026-09-01,16646.0
1301,2026-09-02,16814.0
1301,2026-09-03,16793.0
1301,2026-09-04,17269.0
1301,2026-09-07,18220.0
1301,2026-09-08,17436.0
1301,2026-09-09,17244.0
1301,2026-09-10,17691.0
1301,2026-09-11,17800.0
1301,2026-09-14,18457.0
1301,2026-09-15,18675.0
1301,2026-09-16,19288.0
1301,2026-09-17,18374.0
1301,2026-09-18,17958.0
1301,2026-09-21,17894.0
1301,2026-09-22,17629.0
1301,2026-09-23,17139.0
1301,2026-09-24,17459.0
1301,2026-09-29,17661.0
6515,2026-08-25,516.0
6515,2026-08-26,528.0
6515,2026-08-27,535.0
6515,2026-08-28,561.0
6515,2026-08-31,584.0
6515,2026-09-01,589.0
6515,2026-09-02,641.0
6515,2026-09-03,631.0
6515,2026-09-04,648.0
6515,2026-09-07,660.0
6515,2026-09-08,583.0
6515,2026-09-09,670.0
6515,2026-09-10,692.0
6515,2026-09-11,673.0
6515,2026-09-14,656.0
6515,2026-09-15,649.0
6515,2026-09-16,664.0
6515,2026-09-17,674.0
6515,2026-09-18,672.0
6515,2026-09-21,824.0
6515,2026-09-22,888.0
6515,2026-09-23,870.0
6515,2026-09-24,882.0
6515,2026-09-29,885.0
2881,2026-08-25,6408.0
2881,2026-08-26,6689.0
2881,2026-08-27,6360.0
2881,2026-08-28,6138.0
2881,2026-08-31,6094.0
2881,2026-09-01,5924.0
2881,2026-09-02,6004.0
2881,2026-09-03,6059.0
2881,2026-09-04,6083.0
2881,2026-09-07,6335.0
2881,2026-09-08,6010.0
2881,2026-09-09,6245.0
2881,2026-09-10,5927.0
2881,2026-09-11,5762.0
2881,2026-09-14,5731.0
2881,2026-09-15,6189.0
2881,2026-09-16,5891.0
2881,2026-09-17,5897.0
2881,2026-09-18,6010.0
2881,2026-09-21,5374.0
2881,2026-09-22,5334.0
2881,2026-09-23,5550.0
2881,2026-09-24,5812.0
2881,2026-09-29,5435.0
2882,2026-08-25,5828.0
2882,2026-08-26,5880.0
2882,2026-08-27,5760.0
2882,2026-08-28,5716.0
2882,2026-08-31,6060.0
2882,2026-09-01,6169.0
2882,2026-09-02,5464.0
2882,2026-09-03,5998.0
2882,2026-09-04,5928.0
2882,2026-09-07,5898.0
2882,2026-09-08,5339.0
2882,2026-09-09,5333.0
2882,2026-09-10,5356.0
2882,2026-09-11,5300.0
2882,2026-09-14,5145.0
2882,2026-09-15,5550.0
2882,2026-09-16,5353.0
2882,2026-09-17,5227.0
2882,2026-09-18,5407.0
2882,2026-09-21,4875.0
2882,2026-09-22,4969.0
2882,2026-09-23,4990.0
2882,2026-09-24,5034.0
2882,2026-09-29,5058.0
6173,2026-08-25,8919.0
6173,2026-08-26,9075.0
6173,2026-08-27,10407.0
6173,2026-08-28,10592.0
6173,2026-08-31,10110.0
6173,2026-09-01,11082.0
6173,2026-09-02,10597.0
6173,2026-09-03,10084.0
6173,2026-09-04,9927.0
6173,2026-09-07,9662.0
6173,2026-09-08,10189.0
6173,2026-09-09,10287.0
6173,2026-09-10,12195.0
6173,2026-09-11,13758.0
6173,2026-09-14,13890.0
6173,2026-09-15,14246.0
6173,2026-09-16,14797.0
6173,2026-09-17,14251.0
6173,2026-09-18,13582.0
6173,2026-09-21,13477.0
6173,2026-09-22,13458.0
6173,2026-09-23,13515.0
6173,2026-09-24,14044.0
6173,2026-09-29,13453.0
4991,2026-08-25,7994.0
4991,2026-08-26,8060.0
4991,2026-08-27,7530.0
4991,2026-08-28,7634.0
4991,2026-08-31,8087.0
4991,2026-09-01,8440.0
4991,2026-09-02,8470.0
4991,2026-09-03,8545.0
4991,2026-09-04,8266.0
4991,2026-09-07,8206.0
4991,2026-09-08,8058.0
4991,2026-09-09,7987.0
4991,2026-09-10,7942.0
4991,2026-09-11,8051.0
4991,2026-09-14,8085.0
4991,2026-09-15,8120.0
4991,2026-09-16,8395.0
4991,2026-09-17,8427.0
4991,2026-09-18,8926.0
4991,2026-09-21,9445.0
4991,2026-09-22,9449.0
4991,2026-09-23,9218.0
4991,2026-09-24,9307.0
4991,2026-09-29,9219.0
1815,2026-08-25,51878.0
1815,2026-08-26,51471.0
1815,2026-08-27,48157.0
1815,2026-08-28,48323.0
1815,2026-08-31,49117.0
1815,2026-09-01,48728.0
1815,2026-09-02,51164.0
1815,2026-09-03,42864.0
1815,2026-09-04,41788.0
1815,2026-09-07,43912.0
1815,2026-09-08,40626.0
1815,2026-09-09,44724.0
1815,2026-09-10,43535.0
1815,2026-09-11,42332.0
1815,2026-09-14,41149.0
1815,2026-09-15,39158.0
1815,2026-09-16,41217.0
1815,2026-09-17,41419.0
1815,2026-09-18,46560.0
1815,2026-09-21,43514.0
1815,2026-09-22,43834.0
1815,2026-09-23,44078.0
1815,2026-09-24,42825.0
1815,2026-09-29,43022.0
2887,2026-08-25,40924.0
2887,2026-08-26,41088.0
2887,2026-08-27,42099.0
2887,2026-08-28,42268.0
2887,2026-08-31,41116.0
2887,2026-09-01,41205.0
2887,2026-09-02,40276.0
2887,2026-09-03,41108.0
2887,2026-09-04,41471.0
2887,2026-09-07,41840.0
2887,2026-09-08,42054.0
2887,2026-09-09,42508.0
2887,2026-09-10,42441.0
2887,2026-09-11,42466.0
2887,2026-09-14,42923.0
2887,2026-09-15,42863.0
2887,2026-09-16,43186.0
2887,2026-09-17,41054.0
2887,2026-09-18,41456.0
2887,2026-09-21,41503.0
2887,2026-09-22,42077.0
2887,2026-09-23,42085.0
2887,2026-09-24,42077.0
2887,2026-09-29,42253.0
6239,2026-08-25,21907.0
6239,2026-08-26,21572.0
6239,2026-08-27,23448.0
6239,2026-08-28,21980.0
6239,2026-08-31,22622.0
6239,2026-09-01,21964.0
6239,2026-09-02,22114.0
6239,2026-09-03,21799.0
6239,2026-09-04,22215.0
6239,2026-09-07,22574.0
6239,2026-09-08,22611.0
6239,2026-09-09,21943.0
6239,2026-09-10,22007.0
6239,2026-09-11,22782.0
6239,2026-09-14,22451.0
6239,2026-09-15,22182.0
6239,2026-09-16,22061.0
6239,2026-09-17,21900.0
6239,2026-09-18,22250.0
6239,2026-09-21,21588.0
6239,2026-09-22,21587.0
6239,2026-09-23,21176.0
6239,2026-09-24,21043.0
6239,2026-09-29,21324.0
2891,2026-08-25,3483.0
2891,2026-08-26,3479.0
2891,2026-08-27,3768.0
2891,2026-08-28,3518.0
2891,2026-08-31,3512.0
2891,2026-09-01,3359.0
2891,2026-09-02,3358.0
2891,2026-09-03,3271.0
2891,2026-09-04,3208.0
2891,2026-09-07,3521.0
2891,2026-09-08,3332.0
2891,2026-09-09,3628.0
2891,2026-09-10,3489.0
2891,2026-09-11,3367.0
2891,2026-09-14,3177.0
2891,2026-09-15,2866.0
2891,2026-09-16,2798.0
2891,2026-09-17,2608.0
2891,2026-09-18,2763.0
2891,2026-09-21,2426.0
2891,2026-09-22,2514.0
2891,2026-09-23,2636.0
2891,2026-09-24,2667.0
2891,2026-09-29,2660.0
